categories (L),Venue
"[  { ""S"" : ""Instagrammable"" },  { ""S"" : ""Restaurants"" },  { ""S"" : ""Vegan"" }]",Arcade Food Theatre
"[  { ""S"" : ""Restaurants"" },  { ""S"" : ""Drinks"" },  { ""S"" : ""After Work Drinks"" },  { ""S"" : ""Rooftop"" },  { ""S"" : ""Brunch"" },  { ""S"" : ""Food With A View"" }]",Bar Elba
"[  { ""S"" : ""Date Night"" },  { ""S"" : ""Vibes"" },  { ""S"" : ""Drinks"" },  { ""S"" : ""After Work Drinks"" },  { ""S"" : ""Rooftop"" },  { ""S"" : ""After Work Drinks"" },  { ""S"" : ""Cocktail"" },  { ""S"" : ""Rooftop"" },  { ""S"" : ""Suss Date"" },  { ""S"" : ""First Date"" },  { ""S"" : ""Client Meeting"" }]",Jin Bo Law
"[  { ""S"" : ""Vibes"" },  { ""S"" : ""Drinks"" },  { ""S"" : ""Dive Bar"" },  { ""S"" : ""Cocktail"" },  { ""S"" : ""Something Different"" },  { ""S"" : ""Outdoor Seating"" },  { ""S"" : ""Cost Effective"" },  { ""S"" : ""Catch Up With Friends"" }]",Garlic & Shots
"[  { ""S"" : ""Date Night"" },  { ""S"" : ""Drinks"" },  { ""S"" : ""After Work Drinks"" },  { ""S"" : ""Cocktail"" },  { ""S"" : ""Suss Date"" },  { ""S"" : ""First Date"" }]",Heads + Tails
"[  { ""S"" : ""Workouts"" }]",Test Place Burnham2
"[  { ""S"" : ""Restaurants"" },  { ""S"" : ""Catch Up With Friends"" },  { ""S"" : ""Cheap Eats"" }]",El Metro
"[  { ""S"" : ""Date Night"" },  { ""S"" : ""Vibes"" },  { ""S"" : ""Drinks"" },  { ""S"" : ""After Work Drinks"" },  { ""S"" : ""Rooftop"" },  { ""S"" : ""After Work Drinks"" },  { ""S"" : ""Cocktail"" },  { ""S"" : ""Rooftop"" },  { ""S"" : ""Suss Date"" },  { ""S"" : ""First Date"" },  { ""S"" : ""Client Meeting"" }]",Jin Bo Law
"[  { ""S"" : ""Restaurants"" },  { ""S"" : ""Date Night"" },  { ""S"" : ""Seal The Deal"" },  { ""S"" : ""Romantic"" },  { ""S"" : ""Food With A View"" },  { ""S"" : ""Girls Night"" }]",SUSHISAMBA Covent Garden
"[  { ""S"" : ""Drinks"" },  { ""S"" : ""Date Night"" },  { ""S"" : ""Activities"" },  { ""S"" : ""Something Different"" },  { ""S"" : ""Wine"" },  { ""S"" : ""Experiences"" }]",Gordon's Wine Bar
"[  { ""S"" : ""Restaurants"" },  { ""S"" : ""Something Different"" }]",Sushi Tetsu
"[  { ""S"" : ""Vibes"" },  { ""S"" : ""Restaurants"" },  { ""S"" : ""Drinks"" },  { ""S"" : ""Outdoor Seating"" },  { ""S"" : ""Food With A View"" },  { ""S"" : ""Burger Lovers"" },  { ""S"" : ""After Work Drinks"" },  { ""S"" : ""Catch Up With Friends"" }]",Rutland Arms
"[  { ""S"" : ""Restaurants"" },  { ""S"" : ""Drinks"" },  { ""S"" : ""Cheap Eats"" },  { ""S"" : ""Catch Up With Friends"" },  { ""S"" : ""Burger Lovers"" },  { ""S"" : ""Hangover Cure"" },  { ""S"" : ""Vegan"" }]",The Prince
"[  { ""S"" : ""Restaurants"" },  { ""S"" : ""Drinks"" },  { ""S"" : ""Cocktail"" },  { ""S"" : ""Outdoor Seating"" },  { ""S"" : ""Themed"" }]",Hemingways Lounge Bar
"[  { ""S"" : ""Vibes"" },  { ""S"" : ""Restaurants"" },  { ""S"" : ""Ping Verified"" },  { ""S"" : ""Vegan"" },  { ""S"" : ""Catch Up With Friends"" },  { ""S"" : ""Chill"" }]",Bondi Green
"[  { ""S"" : ""Restaurants"" },  { ""S"" : ""Catch Up With Friends"" }]",Lost Society Putney
"[  { ""S"" : ""Drinks"" },  { ""S"" : ""Rooftop"" },  { ""S"" : ""Outside"" }]",The Rooftop St. James
"[  { ""S"" : ""Date Night"" },  { ""S"" : ""Vibes"" },  { ""S"" : ""Drinks"" },  { ""S"" : ""Themed"" },  { ""S"" : ""Something Different"" },  { ""S"" : ""Instagrammable"" },  { ""S"" : ""Fun Date"" }]",Cahoots
"[  { ""S"" : ""Drinks"" },  { ""S"" : ""Rooftop"" },  { ""S"" : ""Outside"" }]",The Rooftop St. James
"[  { ""S"" : ""Vibes"" },  { ""S"" : ""Drinks"" },  { ""S"" : ""Date Night"" },  { ""S"" : ""Cocktail"" },  { ""S"" : ""Fun Date"" },  { ""S"" : ""Romantic"" },  { ""S"" : ""Seal The Deal"" },  { ""S"" : ""Girls Night"" }]",Eve Bar
"[  { ""S"" : ""Drinks"" },  { ""S"" : ""Date Night"" },  { ""S"" : ""Restaurants"" },  { ""S"" : ""Vibes"" },  { ""S"" : ""Chill"" },  { ""S"" : ""Catch Up With Friends"" },  { ""S"" : ""First Date"" },  { ""S"" : ""Wine"" }]",Dalla Terra Wine Bar & Restaurant
"[  { ""S"" : ""Date Night"" },  { ""S"" : ""Vibes"" },  { ""S"" : ""Restaurants"" },  { ""S"" : ""Drinks"" },  { ""S"" : ""After Work Drinks"" },  { ""S"" : ""After Work Drinks"" },  { ""S"" : ""Catch Up With Friends"" },  { ""S"" : ""Catch Up With Friends"" },  { ""S"" : ""After Work Drinks"" },  { ""S"" : ""After Work Drinks"" },  { ""S"" : ""Cocktail"" },  { ""S"" : ""LGBTQ+"" },  { ""S"" : ""Suss Date"" }]",Granary Square
"[  { ""S"" : ""Restaurants"" },  { ""S"" : ""Catch Up With Friends"" },  { ""S"" : ""Cheap Eats"" }]",El Metro
"[  { ""S"" : ""Restaurants"" },  { ""S"" : ""Date Night"" },  { ""S"" : ""Romantic"" },  { ""S"" : ""Seal The Deal"" },  { ""S"" : ""Afternoon Tea"" },  { ""S"" : ""Brunch"" }]",Chiltern Firehouse
"[  { ""S"" : ""Vibes"" },  { ""S"" : ""Restaurants"" },  { ""S"" : ""Drinks"" },  { ""S"" : ""Outdoor Seating"" },  { ""S"" : ""Food With A View"" },  { ""S"" : ""Catch Up With Friends"" },  { ""S"" : ""Chill"" }]",The Boathouse
"[  { ""S"" : ""Date Night"" },  { ""S"" : ""Restaurants"" },  { ""S"" : ""Places to Propose"" },  { ""S"" : ""Romantic"" },  { ""S"" : ""Seal The Deal"" },  { ""S"" : ""Food With A View"" },  { ""S"" : ""Girls Night"" }]",14 Hills
"[  { ""S"" : ""Date Night"" },  { ""S"" : ""Vibes"" },  { ""S"" : ""Drinks"" },  { ""S"" : ""After Work Drinks"" },  { ""S"" : ""Rooftop"" },  { ""S"" : ""After Work Drinks"" },  { ""S"" : ""Cocktail"" },  { ""S"" : ""Rooftop"" },  { ""S"" : ""Suss Date"" },  { ""S"" : ""First Date"" },  { ""S"" : ""Client Meeting"" }]",Jin Bo Law
"[  { ""S"" : ""Restaurants"" },  { ""S"" : ""Drinks"" },  { ""S"" : ""Cocktail"" },  { ""S"" : ""Outdoor Seating"" },  { ""S"" : ""Themed"" }]",Hemingways Lounge Bar
"[  { ""S"" : ""Vibes"" },  { ""S"" : ""Drinks"" },  { ""S"" : ""Rooftop"" },  { ""S"" : ""Outdoor Seating"" },  { ""S"" : ""After Work Drinks"" }]",The Rooftop at The Standard
"[  { ""S"" : ""Drinks"" },  { ""S"" : ""Date Night"" },  { ""S"" : ""Restaurants"" },  { ""S"" : ""Vegan"" },  { ""S"" : ""Romantic"" },  { ""S"" : ""Cocktail"" },  { ""S"" : ""Themed"" },  { ""S"" : ""Something Different"" },  { ""S"" : ""Rooftop"" },  { ""S"" : ""Outdoor Seating"" },  { ""S"" : ""Instagramable"" }]",Casa Madera
"[  { ""S"" : ""Restaurants"" },  { ""S"" : ""Drinks"" },  { ""S"" : ""Cocktail"" },  { ""S"" : ""Outdoor Seating"" },  { ""S"" : ""Themed"" }]",Hemingways Lounge Bar
"[  { ""S"" : ""Vibes"" },  { ""S"" : ""Restaurants"" },  { ""S"" : ""Drinks"" },  { ""S"" : ""Play Time"" },  { ""S"" : ""LGBTQ+"" },  { ""S"" : ""Catch Up With Friends"" },  { ""S"" : ""Something Different"" },  { ""S"" : ""Girls Night"" },  { ""S"" : ""Boys Night"" },  { ""S"" : ""Karaoke"" },  { ""S"" : ""Cocktail"" }]",Bunga Bunga Battersea
"[  { ""S"" : ""Restaurants"" },  { ""S"" : ""Drinks"" },  { ""S"" : ""Cocktail"" },  { ""S"" : ""Outdoor Seating"" },  { ""S"" : ""Themed"" }]",Hemingways Lounge Bar
"[  { ""S"" : ""Vibes"" },  { ""S"" : ""Drinks"" },  { ""S"" : ""Date Night"" },  { ""S"" : ""Outdoor Seating"" },  { ""S"" : ""Cocktail"" },  { ""S"" : ""Client Meeting"" },  { ""S"" : ""After Work Drinks"" },  { ""S"" : ""Catch Up With Friends"" },  { ""S"" : ""Rooftop"" },  { ""S"" : ""Work Spots"" }]",Soho House 40 Greek Street
"[  { ""S"" : ""Restaurants"" },  { ""S"" : ""Date Night"" },  { ""S"" : ""First Date"" },  { ""S"" : ""Romantic"" },  { ""S"" : ""Seal The Deal"" },  { ""S"" : ""Hangover Cure"" },  { ""S"" : ""Catch Up With Friends"" }]",Luca
"[  { ""S"" : ""Restaurants"" },  { ""S"" : ""Date Night"" },  { ""S"" : ""Vibes"" },  { ""S"" : ""Drinks"" },  { ""S"" : ""Experiences"" },  { ""S"" : ""Romantic"" },  { ""S"" : ""Rooftop"" },  { ""S"" : ""Rooftop"" },  { ""S"" : ""Seal The Deal"" },  { ""S"" : ""First Date"" },  { ""S"" : ""Food With A View"" }]",Sky Garden
"[  { ""S"" : ""Restaurants"" },  { ""S"" : ""Vibes"" },  { ""S"" : ""Drinks"" },  { ""S"" : ""Cocktail"" },  { ""S"" : ""Rooftop"" },  { ""S"" : ""After Work Drinks"" },  { ""S"" : ""Food With A View"" }]",Madison 
"[  { ""S"" : ""Restaurants"" },  { ""S"" : ""Vibes"" },  { ""S"" : ""Sundowners"" },  { ""S"" : ""Drinks"" },  { ""S"" : ""Outdoor Seating"" },  { ""S"" : ""After Work Drinks"" },  { ""S"" : ""Chill"" },  { ""S"" : ""Food With A View"" }]",Coq d'Argent
"[  { ""S"" : ""Vibes"" },  { ""S"" : ""Drinks"" },  { ""S"" : ""Date Night"" },  { ""S"" : ""Romantic"" },  { ""S"" : ""Seal The Deal"" },  { ""S"" : ""Cocktail"" },  { ""S"" : ""After Work Drinks"" },  { ""S"" : ""Outdoor Seating"" },  { ""S"" : ""Chill"" },  { ""S"" : ""Afternoon Tea"" },  { ""S"" : ""Girls Night"" }]",Hush Mayfair
"[  { ""S"" : ""Restaurants"" },  { ""S"" : ""Date Night"" },  { ""S"" : ""Vibes"" },  { ""S"" : ""Drinks"" },  { ""S"" : ""Experiences"" },  { ""S"" : ""Romantic"" },  { ""S"" : ""Rooftop"" },  { ""S"" : ""Rooftop"" },  { ""S"" : ""Seal The Deal"" },  { ""S"" : ""First Date"" },  { ""S"" : ""Food With A View"" }]",Sky Garden
"[  { ""S"" : ""Restaurants"" },  { ""S"" : ""Date Night"" },  { ""S"" : ""Vibes"" },  { ""S"" : ""Drinks"" },  { ""S"" : ""Experiences"" },  { ""S"" : ""Romantic"" },  { ""S"" : ""Rooftop"" },  { ""S"" : ""Rooftop"" },  { ""S"" : ""Seal The Deal"" },  { ""S"" : ""First Date"" },  { ""S"" : ""Food With A View"" }]",Sky Garden
"[  { ""S"" : ""Date Night"" },  { ""S"" : ""Drinks"" },  { ""S"" : ""Restaurants"" },  { ""S"" : ""Food With A View"" },  { ""S"" : ""Cheap Eats"" },  { ""S"" : ""Catch Up With Friends"" },  { ""S"" : ""Burger Lovers"" },  { ""S"" : ""Boys Night"" },  { ""S"" : ""Hangover Cure"" },  { ""S"" : ""First Date"" },  { ""S"" : ""Outdoor Seating"" }]",Waterfront
"[  { ""S"" : ""Drinks"" },  { ""S"" : ""Outdoor Seating"" },  { ""S"" : ""Rooftop"" },  { ""S"" : ""Cocktail"" },  { ""S"" : ""After Work Drinks"" },  { ""S"" : ""Client Meeting"" }]",Ham Yard Roof Terrace
"[  { ""S"" : ""Date Night"" },  { ""S"" : ""Restaurants"" },  { ""S"" : ""Something Different"" },  { ""S"" : ""Places to Propose"" },  { ""S"" : ""Seal The Deal"" }]",Kitchen at Holmes
"[  { ""S"" : ""Vibes"" },  { ""S"" : ""Drinks"" },  { ""S"" : ""After Work Drinks"" },  { ""S"" : ""Outdoor Seating"" },  { ""S"" : ""Catch Up With Friends"" },  { ""S"" : ""Brunch"" }]",The Princess Of Wales
"[  { ""S"" : ""Restaurants"" },  { ""S"" : ""Drinks"" },  { ""S"" : ""After Work Drinks"" },  { ""S"" : ""Rooftop"" },  { ""S"" : ""Brunch"" },  { ""S"" : ""Food With A View"" }]",Bar Elba
"[  { ""S"" : ""Date Night"" },  { ""S"" : ""Restaurants"" },  { ""S"" : ""Places to Propose"" },  { ""S"" : ""Romantic"" },  { ""S"" : ""Seal The Deal"" },  { ""S"" : ""Food With A View"" },  { ""S"" : ""Girls Night"" }]",14 Hills
"[  { ""S"" : ""Vibes"" },  { ""S"" : ""Drinks"" },  { ""S"" : ""Instagrammable"" },  { ""S"" : ""After Work Drinks"" },  { ""S"" : ""Client Meeting"" },  { ""S"" : ""Cocktail"" },  { ""S"" : ""Outdoor Seating"" },  { ""S"" : ""Rooftop"" }]",The Secret Garden - South Place
"[  { ""S"" : ""Vibes"" },  { ""S"" : ""Drinks"" }]",The Porterhouse
"[  { ""S"" : ""Vibes"" },  { ""S"" : ""Drinks"" },  { ""S"" : ""Outdoor Seating"" },  { ""S"" : ""After Work Drinks"" },  { ""S"" : ""Day Drinking"" }]",The Queen's Head
"[  { ""S"" : ""Ping Verified"" },  { ""S"" : ""Music"" },  { ""S"" : ""Drinks"" },  { ""S"" : ""Date Night"" },  { ""S"" : ""Arts"" },  { ""S"" : ""Cocktail"" },  { ""S"" : ""Themed"" },  { ""S"" : ""First Date"" }]",Archer Street SW11
"[  { ""S"" : ""Workouts"" }]",Test Place Burnham2
"[  { ""S"" : ""Restaurants"" }]",Passo Shoreditch
"[  { ""S"" : ""Vibes"" },  { ""S"" : ""Restaurants"" },  { ""S"" : ""Drinks"" },  { ""S"" : ""Date Night"" },  { ""S"" : ""First Date"" },  { ""S"" : ""Cocktail"" },  { ""S"" : ""Catch Up With Friends"" },  { ""S"" : ""Chill"" }]",Lost Society Battersea
"[  { ""S"" : ""Date Night"" },  { ""S"" : ""Drinks"" },  { ""S"" : ""Vibes"" },  { ""S"" : ""Restaurants"" },  { ""S"" : ""Chill"" },  { ""S"" : ""Cocktail"" },  { ""S"" : ""Outdoor Seating"" },  { ""S"" : ""First Date"" }]",Terra Terra
"[  { ""S"" : ""Workouts"" }]",Test Place Burnham2
"[  { ""S"" : ""Drinks"" },  { ""S"" : ""Something Different"" },  { ""S"" : ""Play Time"" },  { ""S"" : ""After Work Drinks"" }]",Draughts - Waterloo
"[  { ""S"" : ""Restaurants"" },  { ""S"" : ""Food With A View"" }]",Upper 5th
"[  { ""S"" : ""Drinks"" },  { ""S"" : ""Vibes"" },  { ""S"" : ""Cocktail"" },  { ""S"" : ""Themed"" }]",Cubana Restaurant Waterloo
"[  { ""S"" : ""Date Night"" },  { ""S"" : ""Restaurants"" },  { ""S"" : ""Ladies Night"" },  { ""S"" : ""Drinks"" },  { ""S"" : ""Wine"" },  { ""S"" : ""Cocktail"" },  { ""S"" : ""Vegan"" },  { ""S"" : ""Brunch"" },  { ""S"" : ""Girls Night"" },  { ""S"" : ""Fun Date"" }]",The Florist Liverpool
"[  { ""S"" : ""Drinks"" },  { ""S"" : ""After Work Drinks"" },  { ""S"" : ""Client Meeting"" },  { ""S"" : ""Wine"" },  { ""S"" : ""Something Different"" }]",Vagabond Northcote
"[  { ""S"" : ""Date Night"" },  { ""S"" : ""Drinks"" },  { ""S"" : ""Restaurants"" },  { ""S"" : ""Food With A View"" },  { ""S"" : ""Cheap Eats"" },  { ""S"" : ""Catch Up With Friends"" },  { ""S"" : ""Burger Lovers"" },  { ""S"" : ""Boys Night"" },  { ""S"" : ""Hangover Cure"" },  { ""S"" : ""First Date"" },  { ""S"" : ""Outdoor Seating"" }]",Waterfront
"[  { ""S"" : ""Restaurants"" },  { ""S"" : ""Date Night"" },  { ""S"" : ""Drinks"" },  { ""S"" : ""Outdoor Seating"" },  { ""S"" : ""After Work Drinks"" },  { ""S"" : ""First Date"" },  { ""S"" : ""Catch Up With Friends"" },  { ""S"" : ""Burger Lovers"" },  { ""S"" : ""Brunch"" },  { ""S"" : ""Hangover Cure"" }]",Hope & Anchor
"[  { ""S"" : ""Date Night"" },  { ""S"" : ""Drinks"" },  { ""S"" : ""LGBTQ+"" },  { ""S"" : ""Outdoor Seating"" },  { ""S"" : ""Suss Date"" }]",Aeronaut
"[  { ""S"" : ""Restaurants"" },  { ""S"" : ""Drinks"" },  { ""S"" : ""Cheap Eats"" },  { ""S"" : ""Catch Up With Friends"" },  { ""S"" : ""Burger Lovers"" },  { ""S"" : ""Hangover Cure"" },  { ""S"" : ""Vegan"" }]",The Prince
"[  { ""S"" : ""Drinks"" },  { ""S"" : ""Restaurants"" },  { ""S"" : ""Client Meeting"" },  { ""S"" : ""Cocktail"" }]",Sette
"[  { ""S"" : ""Drinks"" },  { ""S"" : ""Date Night"" },  { ""S"" : ""Restaurants"" },  { ""S"" : ""Food With A View"" },  { ""S"" : ""Romantic"" },  { ""S"" : ""Seal The Deal"" },  { ""S"" : ""Wine"" },  { ""S"" : ""Cocktail"" },  { ""S"" : ""After Work Drinks"" },  { ""S"" : ""Client Meeting"" },  { ""S"" : ""Outdoor Seating"" }]",Plateau
"[  { ""S"" : ""Vibes"" },  { ""S"" : ""Drinks"" },  { ""S"" : ""Restaurants"" },  { ""S"" : ""Outdoor Seating"" },  { ""S"" : ""After Work Drinks"" },  { ""S"" : ""Boozy Brunch"" },  { ""S"" : ""Brunch"" }]",Double Standard
"[  { ""S"" : ""Drinks"" },  { ""S"" : ""Instagramable"" },  { ""S"" : ""Date Night"" },  { ""S"" : ""Romantic"" },  { ""S"" : ""Cocktail"" },  { ""S"" : ""After Work Drinks"" }]",50 Cheyne
"[  { ""S"" : ""Vibes"" },  { ""S"" : ""Restaurants"" },  { ""S"" : ""Drinks"" },  { ""S"" : ""Date Night"" },  { ""S"" : ""First Date"" },  { ""S"" : ""Cocktail"" },  { ""S"" : ""Catch Up With Friends"" },  { ""S"" : ""Chill"" }]",Lost Society Battersea
"[  { ""S"" : ""Vibes"" },  { ""S"" : ""Date Night"" },  { ""S"" : ""Ping Verified"" },  { ""S"" : ""Drinks"" },  { ""S"" : ""Activities"" },  { ""S"" : ""Mini Golf"" },  { ""S"" : ""Play Time"" },  { ""S"" : ""Instagramable"" },  { ""S"" : ""Something Different"" },  { ""S"" : ""Themed"" },  { ""S"" : ""Fun Date"" }]",Birdies
"[  { ""S"" : ""Restaurants"" },  { ""S"" : ""Vibes"" },  { ""S"" : ""Afternoon Tea"" },  { ""S"" : ""Rooftop"" },  { ""S"" : ""Something Different"" },  { ""S"" : ""Food With A View"" }]",Treehouse Hotel - The Nest
"[  { ""S"" : ""Drinks"" },  { ""S"" : ""Restaurants"" }]",The Blue Door
"[  { ""S"" : ""Restaurants"" },  { ""S"" : ""Vibes"" },  { ""S"" : ""Afternoon Tea"" },  { ""S"" : ""Rooftop"" },  { ""S"" : ""Something Different"" },  { ""S"" : ""Food With A View"" }]",Treehouse Hotel - The Nest
"[  { ""S"" : ""Drinks"" },  { ""S"" : ""Restaurants"" },  { ""S"" : ""Wine"" },  { ""S"" : ""Outdoor Seating"" }]",Boro Bistro
"[  { ""S"" : ""Vibes"" },  { ""S"" : ""Drinks"" },  { ""S"" : ""Restaurants"" },  { ""S"" : ""Girls Night"" },  { ""S"" : ""Food With A View"" },  { ""S"" : ""Catch Up With Friends"" },  { ""S"" : ""Vegan"" },  { ""S"" : ""After Work Drinks"" },  { ""S"" : ""Client Meeting"" },  { ""S"" : ""Chill"" },  { ""S"" : ""Outdoor Seating"" }]",Barbie Green
"[  { ""S"" : ""Restaurants"" },  { ""S"" : ""Drinks"" },  { ""S"" : ""After Work Drinks"" },  { ""S"" : ""Rooftop"" },  { ""S"" : ""Brunch"" },  { ""S"" : ""Food With A View"" }]",Bar Elba
"[  { ""S"" : ""Vibes"" },  { ""S"" : ""Drinks"" },  { ""S"" : ""Outdoor Seating"" },  { ""S"" : ""Sundowners"" },  { ""S"" : ""Rooftop"" },  { ""S"" : ""Chill"" },  { ""S"" : ""Catch Up With Friends"" },  { ""S"" : ""Cost Effective"" },  { ""S"" : ""Day Drinking"" }]",The Culpeper
"[  { ""S"" : ""Date Night"" },  { ""S"" : ""Drinks"" },  { ""S"" : ""Restaurants"" },  { ""S"" : ""Food With A View"" },  { ""S"" : ""Cheap Eats"" },  { ""S"" : ""Catch Up With Friends"" },  { ""S"" : ""Burger Lovers"" },  { ""S"" : ""Boys Night"" },  { ""S"" : ""Hangover Cure"" },  { ""S"" : ""First Date"" },  { ""S"" : ""Outdoor Seating"" }]",Waterfront
"[  { ""S"" : ""Restaurants"" },  { ""S"" : ""Food With A View"" }]",Upper 5th
"[  { ""S"" : ""Restaurants"" },  { ""S"" : ""Drinks"" },  { ""S"" : ""Cocktail"" },  { ""S"" : ""Outdoor Seating"" },  { ""S"" : ""Themed"" }]",Hemingways Lounge Bar
"[  { ""S"" : ""Vibes"" },  { ""S"" : ""Date Night"" },  { ""S"" : ""Restaurants"" },  { ""S"" : ""Drinks"" },  { ""S"" : ""Themed"" },  { ""S"" : ""LGBTQ+"" },  { ""S"" : ""First Date"" },  { ""S"" : ""Brunch"" }]",Kona Kai
"[  { ""S"" : ""Restaurants"" },  { ""S"" : ""Something Different"" },  { ""S"" : ""Hangover Cure"" }]",Ping Pong Soho
"[  { ""S"" : ""Drinks"" },  { ""S"" : ""Outside"" }]",The Lighterman
"[  { ""S"" : ""Restaurants"" },  { ""S"" : ""Drinks"" },  { ""S"" : ""Themed"" },  { ""S"" : ""Cheap Eats"" },  { ""S"" : ""Boozy Brunch"" },  { ""S"" : ""Brunch"" },  { ""S"" : ""Catch Up With Friends"" }]",Simmons Bar | Fulham
"[  { ""S"" : ""Workouts"" }]",Test Place Burnham2
"[  { ""S"" : ""Vibes"" },  { ""S"" : ""Activities"" },  { ""S"" : ""Adrenaline"" },  { ""S"" : ""Play Time"" },  { ""S"" : ""Bachelor Party"" }]",The Climbing Hangar London
"[  { ""S"" : ""Vibes"" },  { ""S"" : ""Drinks"" },  { ""S"" : ""Rooftop"" },  { ""S"" : ""Outdoor Seating"" },  { ""S"" : ""After Work Drinks"" }]",The Rooftop at The Standard
"[  { ""S"" : ""Vibes"" },  { ""S"" : ""Drinks"" },  { ""S"" : ""Instagrammable"" },  { ""S"" : ""After Work Drinks"" },  { ""S"" : ""Client Meeting"" },  { ""S"" : ""Cocktail"" },  { ""S"" : ""Outdoor Seating"" },  { ""S"" : ""Rooftop"" }]",The Secret Garden - South Place
"[  { ""S"" : ""Drinks"" },  { ""S"" : ""Cocktail"" },  { ""S"" : ""Client Meeting"" }]",Savage Gardens
"[  { ""S"" : ""Arts"" },  { ""S"" : ""Activities"" },  { ""S"" : ""Experiences"" }]",Backyard Cinema - Wansworth
"[  { ""S"" : ""Vibes"" },  { ""S"" : ""Date Night"" },  { ""S"" : ""Restaurants"" },  { ""S"" : ""Food With A View"" },  { ""S"" : ""After Work Drinks"" },  { ""S"" : ""Catch Up With Friends"" },  { ""S"" : ""Chill"" }]",Nº35 Mackenzie Walk
"[  { ""S"" : ""Drinks"" },  { ""S"" : ""Restaurants"" }]",The Hawk's Nest
"[  { ""S"" : ""Restaurants"" },  { ""S"" : ""Food With A View"" }]",Seabird
"[  { ""S"" : ""Drinks"" },  { ""S"" : ""Restaurants"" },  { ""S"" : ""Wine"" },  { ""S"" : ""Outdoor Seating"" }]",Boro Bistro
"[  { ""S"" : ""Restaurants"" },  { ""S"" : ""Date Night"" },  { ""S"" : ""Seal The Deal"" },  { ""S"" : ""Romantic"" },  { ""S"" : ""Food With A View"" },  { ""S"" : ""Girls Night"" }]",SUSHISAMBA Covent Garden
"[  { ""S"" : ""Date Night"" },  { ""S"" : ""Vibes"" },  { ""S"" : ""Drinks"" },  { ""S"" : ""Activities"" },  { ""S"" : ""Play Time"" },  { ""S"" : ""The Sesh"" },  { ""S"" : ""Virtual Reality"" },  { ""S"" : ""Play Time"" },  { ""S"" : ""Something Different"" },  { ""S"" : ""Beer Pong"" },  { ""S"" : ""Ping Pong"" },  { ""S"" : ""Virtual Reality"" },  { ""S"" : ""Fun Date"" }]",The Four Thieves
"[  { ""S"" : ""Restaurants"" },  { ""S"" : ""Food With A View"" },  { ""S"" : ""First Date"" },  { ""S"" : ""Catch Up With Friends"" },  { ""S"" : ""Cheap Eats"" },  { ""S"" : ""Burger Lovers"" },  { ""S"" : ""Boys Night"" },  { ""S"" : ""Hangover Cure"" },  { ""S"" : ""Something Different"" }]",Flat Iron Square
"[  { ""S"" : ""Restaurants"" },  { ""S"" : ""Vibes"" },  { ""S"" : ""Sundowners"" },  { ""S"" : ""Drinks"" },  { ""S"" : ""Outdoor Seating"" },  { ""S"" : ""After Work Drinks"" },  { ""S"" : ""Chill"" },  { ""S"" : ""Food With A View"" }]",Coq d'Argent
"[  { ""S"" : ""Vibes"" },  { ""S"" : ""Outside"" }]",BOXPARK Shoreditch
"[  { ""S"" : ""Restaurants"" },  { ""S"" : ""Drinks"" }]",Rum Kitchen Soho
"[  { ""S"" : ""Restaurants"" },  { ""S"" : ""Date Night"" },  { ""S"" : ""Catch Up With Friends"" },  { ""S"" : ""Romantic"" },  { ""S"" : ""Suss Date"" },  { ""S"" : ""First Date"" }]",Dalloway Terrace
"[  { ""S"" : ""Restaurants"" },  { ""S"" : ""Vibes"" },  { ""S"" : ""Drinks"" },  { ""S"" : ""Rooftop"" },  { ""S"" : ""Rooftop"" },  { ""S"" : ""Boozy Brunch"" },  { ""S"" : ""Burger Lovers"" },  { ""S"" : ""Catch Up With Friends"" }]",Pergola Olympia
"[  { ""S"" : ""Drinks"" },  { ""S"" : ""Outdoor Seating"" },  { ""S"" : ""Rooftop"" },  { ""S"" : ""Cocktail"" },  { ""S"" : ""After Work Drinks"" },  { ""S"" : ""Client Meeting"" }]",Ham Yard Roof Terrace
"[  { ""S"" : ""Drinks"" },  { ""S"" : ""Themed"" },  { ""S"" : ""Cocktail"" },  { ""S"" : ""After Work Drinks"" }]",The Shoreditch
"[  { ""S"" : ""Vibes"" },  { ""S"" : ""Drinks"" },  { ""S"" : ""Date Night"" },  { ""S"" : ""Outdoor Seating"" },  { ""S"" : ""Cocktail"" },  { ""S"" : ""Client Meeting"" },  { ""S"" : ""After Work Drinks"" },  { ""S"" : ""Catch Up With Friends"" },  { ""S"" : ""Rooftop"" },  { ""S"" : ""Work Spots"" }]",Soho House 40 Greek Street
"[  { ""S"" : ""Restaurants"" },  { ""S"" : ""Food With A View"" }]",Seabird
"[  { ""S"" : ""Restaurants"" },  { ""S"" : ""Drinks"" },  { ""S"" : ""Outdoor Seating"" },  { ""S"" : ""Craft Beer"" },  { ""S"" : ""Cocktail"" },  { ""S"" : ""After Work Drinks"" },  { ""S"" : ""Cheap Eats"" },  { ""S"" : ""Catch Up With Friends"" },  { ""S"" : ""Vegan"" }]",The Lost Hours
"[  { ""S"" : ""Restaurants"" },  { ""S"" : ""Vibes"" },  { ""S"" : ""Sundowners"" },  { ""S"" : ""Drinks"" },  { ""S"" : ""Outdoor Seating"" },  { ""S"" : ""After Work Drinks"" },  { ""S"" : ""Chill"" },  { ""S"" : ""Food With A View"" }]",Coq d'Argent
"[  { ""S"" : ""Restaurants"" },  { ""S"" : ""Food With A View"" }]",Upper 5th
"[  { ""S"" : ""Restaurants"" },  { ""S"" : ""Drinks"" },  { ""S"" : ""Outdoor Seating"" },  { ""S"" : ""Craft Beer"" },  { ""S"" : ""Cocktail"" },  { ""S"" : ""After Work Drinks"" },  { ""S"" : ""Cheap Eats"" },  { ""S"" : ""Catch Up With Friends"" },  { ""S"" : ""Vegan"" }]",The Lost Hours
"[  { ""S"" : ""Vibes"" },  { ""S"" : ""Restaurants"" },  { ""S"" : ""Drinks"" },  { ""S"" : ""Date Night"" },  { ""S"" : ""First Date"" },  { ""S"" : ""Cocktail"" },  { ""S"" : ""Catch Up With Friends"" },  { ""S"" : ""Chill"" }]",Lost Society Battersea
"[  { ""S"" : ""Vibes"" },  { ""S"" : ""Restaurants"" },  { ""S"" : ""Drinks"" },  { ""S"" : ""Brunch"" },  { ""S"" : ""Chill"" },  { ""S"" : ""Day Drinking"" },  { ""S"" : ""Brunch"" },  { ""S"" : ""Burger Lovers"" }]",The Edinboro Castle 
"[  { ""S"" : ""Drinks"" },  { ""S"" : ""Restaurants"" },  { ""S"" : ""Wine"" },  { ""S"" : ""Outdoor Seating"" }]",Boro Bistro
"[  { ""S"" : ""Restaurants"" },  { ""S"" : ""Drinks"" },  { ""S"" : ""Cocktail"" },  { ""S"" : ""Outdoor Seating"" },  { ""S"" : ""Themed"" }]",Hemingways Lounge Bar
"[  { ""S"" : ""Workouts"" }]",Test Place Burnham2
"[  { ""S"" : ""Date Night"" },  { ""S"" : ""Restaurants"" },  { ""S"" : ""Drinks"" },  { ""S"" : ""Something Different"" },  { ""S"" : ""Themed"" },  { ""S"" : ""Cocktail"" },  { ""S"" : ""After Work Drinks"" },  { ""S"" : ""First Date"" }]",The Alchemist St Martin's Lane
"[  { ""S"" : ""Date Night"" },  { ""S"" : ""Drinks"" },  { ""S"" : ""Restaurants"" },  { ""S"" : ""Food With A View"" },  { ""S"" : ""Cheap Eats"" },  { ""S"" : ""Catch Up With Friends"" },  { ""S"" : ""Burger Lovers"" },  { ""S"" : ""Boys Night"" },  { ""S"" : ""Hangover Cure"" },  { ""S"" : ""First Date"" },  { ""S"" : ""Outdoor Seating"" }]",Waterfront
"[  { ""S"" : ""Vibes"" },  { ""S"" : ""Drinks"" },  { ""S"" : ""Restaurants"" },  { ""S"" : ""Outdoor Seating"" },  { ""S"" : ""After Work Drinks"" },  { ""S"" : ""Boozy Brunch"" },  { ""S"" : ""Brunch"" }]",Double Standard
"[  { ""S"" : ""Vibes"" },  { ""S"" : ""Drinks"" },  { ""S"" : ""After Work Drinks"" },  { ""S"" : ""Instagrammable"" },  { ""S"" : ""LGBTQ+"" },  { ""S"" : ""Outdoor Seating"" },  { ""S"" : ""Something Different"" },  { ""S"" : ""Themed"" },  { ""S"" : ""Catch Up With Friends"" },  { ""S"" : ""Boozy Brunch"" },  { ""S"" : ""Sundowners"" }]",Neverland London
"[  { ""S"" : ""Restaurants"" },  { ""S"" : ""Drinks"" },  { ""S"" : ""Outdoor Seating"" },  { ""S"" : ""Craft Beer"" },  { ""S"" : ""Cocktail"" },  { ""S"" : ""After Work Drinks"" },  { ""S"" : ""Cheap Eats"" },  { ""S"" : ""Catch Up With Friends"" },  { ""S"" : ""Vegan"" }]",The Lost Hours
"[  { ""S"" : ""Activities"" },  { ""S"" : ""Experiences"" },  { ""S"" : ""Adrenaline"" }]",London Shuffle Club
"[  { ""S"" : ""Drinks"" },  { ""S"" : ""Outside"" }]",The Lighterman
"[  { ""S"" : ""Restaurants"" },  { ""S"" : ""Food With A View"" }]",Upper 5th
"[  { ""S"" : ""Vibes"" },  { ""S"" : ""Restaurants"" },  { ""S"" : ""First Date"" },  { ""S"" : ""Food With A View"" },  { ""S"" : ""Rooftop"" }]",Galvin at Windows
"[  { ""S"" : ""Vibes"" },  { ""S"" : ""Sundowners"" },  { ""S"" : ""Restaurants"" },  { ""S"" : ""Drinks"" },  { ""S"" : ""Outdoor Seating"" },  { ""S"" : ""Something Different"" },  { ""S"" : ""Food With A View"" }]",The Ship
"[  { ""S"" : ""Vibes"" },  { ""S"" : ""Drinks"" },  { ""S"" : ""Activities"" },  { ""S"" : ""Outdoor"" },  { ""S"" : ""Experiences"" },  { ""S"" : ""Something Different"" },  { ""S"" : ""Rooftop"" },  { ""S"" : ""Day Drinking"" }]",The London Bar Bus
"[  { ""S"" : ""Ping Verified"" },  { ""S"" : ""Restaurants"" },  { ""S"" : ""Date Night"" },  { ""S"" : ""Romantic"" },  { ""S"" : ""Seal The Deal"" },  { ""S"" : ""Brunch"" },  { ""S"" : ""Afternoon Tea"" }]",Frog by Adam Handling
"[  { ""S"" : ""Vibes"" },  { ""S"" : ""Date Night"" },  { ""S"" : ""Suss Date"" },  { ""S"" : ""Chill"" },  { ""S"" : ""Catch Up With Friends"" },  { ""S"" : ""Sundowners"" },  { ""S"" : ""Rooftop"" }]",Queen Elizabeth Roof Garden
"[  { ""S"" : ""Restaurants"" },  { ""S"" : ""Date Night"" },  { ""S"" : ""First Date"" },  { ""S"" : ""Suss Date"" },  { ""S"" : ""Boys Night"" },  { ""S"" : ""Brunch"" },  { ""S"" : ""Catch Up With Friends"" }]",German Gymnasium Grand Café
"[  { ""S"" : ""Drinks"" },  { ""S"" : ""Restaurants"" }]",The Hawk's Nest
"[  { ""S"" : ""Vibes"" },  { ""S"" : ""Drinks"" },  { ""S"" : ""Rooftop"" },  { ""S"" : ""Outdoor Seating"" },  { ""S"" : ""After Work Drinks"" }]",The Rooftop at The Standard
"[  { ""S"" : ""Vibes"" },  { ""S"" : ""Outside"" }]",Vauxhall Food & Beer Garden
"[  { ""S"" : ""Vibes"" },  { ""S"" : ""Date Night"" },  { ""S"" : ""Suss Date"" },  { ""S"" : ""Chill"" },  { ""S"" : ""Catch Up With Friends"" },  { ""S"" : ""Sundowners"" },  { ""S"" : ""Rooftop"" }]",Queen Elizabeth Roof Garden
"[  { ""S"" : ""Vibes"" },  { ""S"" : ""Drinks"" },  { ""S"" : ""Instagrammable"" },  { ""S"" : ""After Work Drinks"" },  { ""S"" : ""Client Meeting"" },  { ""S"" : ""Cocktail"" },  { ""S"" : ""Outdoor Seating"" },  { ""S"" : ""Rooftop"" }]",The Secret Garden - South Place
"[  { ""S"" : ""Restaurants"" },  { ""S"" : ""Drinks"" },  { ""S"" : ""After Work Drinks"" },  { ""S"" : ""Rooftop"" },  { ""S"" : ""Brunch"" },  { ""S"" : ""Food With A View"" }]",Bar Elba
"[  { ""S"" : ""Date Night"" },  { ""S"" : ""Vibes"" },  { ""S"" : ""Drinks"" },  { ""S"" : ""After Work Drinks"" },  { ""S"" : ""Rooftop"" },  { ""S"" : ""After Work Drinks"" },  { ""S"" : ""Cocktail"" },  { ""S"" : ""Rooftop"" },  { ""S"" : ""Suss Date"" },  { ""S"" : ""First Date"" },  { ""S"" : ""Client Meeting"" }]",Jin Bo Law
"[  { ""S"" : ""Date Night"" },  { ""S"" : ""Drinks"" },  { ""S"" : ""Cocktail"" },  { ""S"" : ""After Work Drinks"" },  { ""S"" : ""Client Meeting"" },  { ""S"" : ""LGBTQ+"" },  { ""S"" : ""First Date"" }]",Dirty Martini Covent Garden
"[  { ""S"" : ""Activities"" },  { ""S"" : ""Vibes"" },  { ""S"" : ""Restaurants"" },  { ""S"" : ""Drinks"" },  { ""S"" : ""After Work Drinks"" },  { ""S"" : ""Outdoor Seating"" },  { ""S"" : ""Rooftop"" },  { ""S"" : ""Food With A View"" },  { ""S"" : ""Catch Up With Friends"" },  { ""S"" : ""Work Spots"" },  { ""S"" : ""Day Drinking"" },  { ""S"" : ""Outdoor"" },  { ""S"" : ""Ping Pong"" }]",White City House
"[  { ""S"" : ""Date Night"" },  { ""S"" : ""Drinks"" },  { ""S"" : ""Activities"" },  { ""S"" : ""Mini Golf"" },  { ""S"" : ""Mini Golf"" },  { ""S"" : ""Fun Date"" },  { ""S"" : ""Themed"" },  { ""S"" : ""Instagramable"" }]",Junkyard Golf Club Worship Street
"[  { ""S"" : ""Workouts"" }]",Test Place Burnham2
"[  { ""S"" : ""Ping Verified"" },  { ""S"" : ""Vibes"" },  { ""S"" : ""Drinks"" },  { ""S"" : ""Afternoon Tea"" },  { ""S"" : ""Experiences"" },  { ""S"" : ""Themed"" }]",Mr Fogg's Tavern - Covent Garden
"[  { ""S"" : ""Drinks"" },  { ""S"" : ""Cocktail"" },  { ""S"" : ""Themed"" },  { ""S"" : ""LGBTQ+"" }]",Bbar
"[  { ""S"" : ""Vibes"" },  { ""S"" : ""Restaurants"" },  { ""S"" : ""Drinks"" },  { ""S"" : ""Brunch"" },  { ""S"" : ""Chill"" },  { ""S"" : ""Day Drinking"" },  { ""S"" : ""Brunch"" },  { ""S"" : ""Burger Lovers"" }]",The Edinboro Castle 
"[  { ""S"" : ""Ping Verified"" },  { ""S"" : ""Vibes"" },  { ""S"" : ""Drinks"" },  { ""S"" : ""Afternoon Tea"" },  { ""S"" : ""Experiences"" },  { ""S"" : ""Themed"" }]",Mr Fogg's Tavern - Covent Garden
"[  { ""S"" : ""Date Night"" },  { ""S"" : ""Vibes"" },  { ""S"" : ""Drinks"" },  { ""S"" : ""Themed"" },  { ""S"" : ""Something Different"" },  { ""S"" : ""Instagrammable"" },  { ""S"" : ""Fun Date"" }]",Cahoots
"[  { ""S"" : ""Date Night"" },  { ""S"" : ""Restaurants"" },  { ""S"" : ""Drinks"" },  { ""S"" : ""Food With A View"" },  { ""S"" : ""Rooftop"" },  { ""S"" : ""Cocktail"" },  { ""S"" : ""Client Meeting"" },  { ""S"" : ""Romantic"" },  { ""S"" : ""First Date"" },  { ""S"" : ""Seal The Deal"" }]",Aqua Shard
"[  { ""S"" : ""Vibes"" },  { ""S"" : ""Restaurants"" },  { ""S"" : ""Drinks"" },  { ""S"" : ""Outdoor Seating"" },  { ""S"" : ""Food With A View"" },  { ""S"" : ""Catch Up With Friends"" },  { ""S"" : ""Chill"" }]",The Boathouse
"[  { ""S"" : ""Vibes"" },  { ""S"" : ""Drinks"" },  { ""S"" : ""Activities"" },  { ""S"" : ""Outdoor"" },  { ""S"" : ""Experiences"" },  { ""S"" : ""Something Different"" },  { ""S"" : ""Rooftop"" },  { ""S"" : ""Day Drinking"" }]",The London Bar Bus
"[  { ""S"" : ""Date Night"" },  { ""S"" : ""Drinks"" },  { ""S"" : ""Restaurants"" },  { ""S"" : ""Food With A View"" },  { ""S"" : ""Cheap Eats"" },  { ""S"" : ""Catch Up With Friends"" },  { ""S"" : ""Burger Lovers"" },  { ""S"" : ""Boys Night"" },  { ""S"" : ""Hangover Cure"" },  { ""S"" : ""First Date"" },  { ""S"" : ""Outdoor Seating"" }]",Waterfront
"[  { ""S"" : ""Restaurants"" },  { ""S"" : ""Drinks"" },  { ""S"" : ""Hangover Cure"" },  { ""S"" : ""After Work Drinks"" }]",Belushi's Camden
"[  { ""S"" : ""Vibes"" },  { ""S"" : ""Drinks"" },  { ""S"" : ""Outdoor Seating"" },  { ""S"" : ""Chill"" },  { ""S"" : ""Catch Up With Friends"" },  { ""S"" : ""Sundowners"" }]",Alexandra Palace Beer Garden
"[  { ""S"" : ""Restaurants"" },  { ""S"" : ""Vibes"" },  { ""S"" : ""Sundowners"" },  { ""S"" : ""Drinks"" },  { ""S"" : ""Outdoor Seating"" },  { ""S"" : ""After Work Drinks"" },  { ""S"" : ""Chill"" },  { ""S"" : ""Food With A View"" }]",Coq d'Argent
"[  { ""S"" : ""Vibes"" },  { ""S"" : ""Restaurants"" },  { ""S"" : ""Drinks"" },  { ""S"" : ""Date Night"" },  { ""S"" : ""First Date"" },  { ""S"" : ""Cocktail"" },  { ""S"" : ""Catch Up With Friends"" },  { ""S"" : ""Chill"" }]",Lost Society Battersea
"[  { ""S"" : ""Activities"" },  { ""S"" : ""Catch Up With Friends"" },  { ""S"" : ""Outdoor"" },  { ""S"" : ""Day Drinking"" },  { ""S"" : ""Experiences"" }]",GoBoat London
"[  { ""S"" : ""Drinks"" },  { ""S"" : ""Restaurants"" },  { ""S"" : ""Vibes"" },  { ""S"" : ""Rooftop"" },  { ""S"" : ""Day Drinking"" },  { ""S"" : ""Brunch"" },  { ""S"" : ""Wine"" },  { ""S"" : ""Outdoor Seating"" }]",The Fellow 
"[  { ""S"" : ""Restaurants"" },  { ""S"" : ""Drinks"" },  { ""S"" : ""After Work Drinks"" },  { ""S"" : ""Client Meeting"" },  { ""S"" : ""Boys Night"" },  { ""S"" : ""Girls Night"" },  { ""S"" : ""Brunch"" }]",Goat
"[  { ""S"" : ""Restaurants"" },  { ""S"" : ""Date Night"" },  { ""S"" : ""Catch Up With Friends"" },  { ""S"" : ""Romantic"" },  { ""S"" : ""Suss Date"" },  { ""S"" : ""First Date"" }]",Dalloway Terrace
"[  { ""S"" : ""Ping Verified"" },  { ""S"" : ""Vibes"" },  { ""S"" : ""Drinks"" },  { ""S"" : ""Afternoon Tea"" },  { ""S"" : ""Experiences"" },  { ""S"" : ""Themed"" }]",Mr Fogg's Tavern - Covent Garden
"[  { ""S"" : ""Drinks"" },  { ""S"" : ""Themed"" },  { ""S"" : ""After Work Drinks"" }]",Rum Kitchen Shoreditch
"[  { ""S"" : ""Vibes"" },  { ""S"" : ""Sundowners"" },  { ""S"" : ""Restaurants"" },  { ""S"" : ""Drinks"" },  { ""S"" : ""Outdoor Seating"" },  { ""S"" : ""Something Different"" },  { ""S"" : ""Food With A View"" }]",The Ship
"[  { ""S"" : ""Restaurants"" },  { ""S"" : ""Food With A View"" }]",Seabird
"[  { ""S"" : ""Date Night"" },  { ""S"" : ""Restaurants"" },  { ""S"" : ""Something Different"" },  { ""S"" : ""Places to Propose"" },  { ""S"" : ""Seal The Deal"" }]",Kitchen at Holmes
"[  { ""S"" : ""Date Night"" },  { ""S"" : ""Vibes"" },  { ""S"" : ""Sundowners"" },  { ""S"" : ""Drinks"" },  { ""S"" : ""After Work Drinks"" },  { ""S"" : ""Catch Up With Friends"" },  { ""S"" : ""Day Drinking"" },  { ""S"" : ""Sundowners"" },  { ""S"" : ""After Work Drinks"" },  { ""S"" : ""Client Meeting"" },  { ""S"" : ""Cocktail"" },  { ""S"" : ""LGBTQ+"" },  { ""S"" : ""Outdoor Seating"" },  { ""S"" : ""Suss Date"" }]",The Trafalgar Arms
"[  { ""S"" : ""Ping Verified"" },  { ""S"" : ""Music"" },  { ""S"" : ""Drinks"" },  { ""S"" : ""Date Night"" },  { ""S"" : ""Arts"" },  { ""S"" : ""Cocktail"" },  { ""S"" : ""Themed"" },  { ""S"" : ""First Date"" }]",Archer Street SW11
"[  { ""S"" : ""Drinks"" },  { ""S"" : ""Vibes"" },  { ""S"" : ""Naughty Nights"" },  { ""S"" : ""Bachelorette Party"" },  { ""S"" : ""Cabaret"" },  { ""S"" : ""LGBTQ+"" }]",The Midnight Lounge Soho
"[  { ""S"" : ""Restaurants"" },  { ""S"" : ""Drinks"" },  { ""S"" : ""Outdoor Seating"" }]",Aragon House
"[  { ""S"" : ""Date Night"" },  { ""S"" : ""Drinks"" },  { ""S"" : ""Cocktail"" }]",London Cocktail Club - Shoreditch
"[  { ""S"" : ""Vibes"" },  { ""S"" : ""Restaurants"" },  { ""S"" : ""Drinks"" },  { ""S"" : ""Date Night"" },  { ""S"" : ""First Date"" },  { ""S"" : ""Cocktail"" },  { ""S"" : ""Catch Up With Friends"" },  { ""S"" : ""Chill"" }]",Lost Society Battersea
"[  { ""S"" : ""Drinks"" },  { ""S"" : ""Vibes"" },  { ""S"" : ""Girls Night"" },  { ""S"" : ""Themed"" }]",Tonight Josephine Shoreditch
"[  { ""S"" : ""Vibes"" },  { ""S"" : ""Restaurants"" },  { ""S"" : ""Drinks"" },  { ""S"" : ""Outdoor Seating"" },  { ""S"" : ""Food With A View"" },  { ""S"" : ""Catch Up With Friends"" },  { ""S"" : ""Chill"" }]",The Boathouse
"[  { ""S"" : ""Drinks"" },  { ""S"" : ""Date Night"" },  { ""S"" : ""Activities"" },  { ""S"" : ""Something Different"" },  { ""S"" : ""Wine"" },  { ""S"" : ""Experiences"" }]",Gordon's Wine Bar
"[  { ""S"" : ""Vibes"" },  { ""S"" : ""Drinks"" },  { ""S"" : ""Rooftop"" },  { ""S"" : ""Outdoor Seating"" },  { ""S"" : ""After Work Drinks"" }]",The Rooftop at The Standard
"[  { ""S"" : ""Restaurants"" },  { ""S"" : ""Food With A View"" }]",Upper 5th
"[  { ""S"" : ""Date Night"" },  { ""S"" : ""Drinks"" },  { ""S"" : ""First Date"" },  { ""S"" : ""Cocktail"" },  { ""S"" : ""Instagramable"" },  { ""S"" : ""LGBTQ+"" }]",Girlfriend Clapham
"[  { ""S"" : ""Vibes"" },  { ""S"" : ""Restaurants"" },  { ""S"" : ""Drinks"" },  { ""S"" : ""Brunch"" },  { ""S"" : ""Chill"" },  { ""S"" : ""Day Drinking"" },  { ""S"" : ""Brunch"" },  { ""S"" : ""Burger Lovers"" }]",The Edinboro Castle 
"[  { ""S"" : ""Vibes"" },  { ""S"" : ""Drinks"" },  { ""S"" : ""Restaurants"" },  { ""S"" : ""Outdoor Seating"" },  { ""S"" : ""After Work Drinks"" },  { ""S"" : ""Boozy Brunch"" },  { ""S"" : ""Brunch"" }]",Double Standard
"[  { ""S"" : ""Vibes"" },  { ""S"" : ""Clubs"" },  { ""S"" : ""The Sesh"" },  { ""S"" : ""Themed"" },  { ""S"" : ""Girls Night"" },  { ""S"" : ""Boys Night"" }]",Supa Dupa Fly
"[  { ""S"" : ""Vibes"" },  { ""S"" : ""Date Night"" },  { ""S"" : ""Suss Date"" },  { ""S"" : ""Chill"" },  { ""S"" : ""Catch Up With Friends"" },  { ""S"" : ""Sundowners"" },  { ""S"" : ""Rooftop"" }]",Queen Elizabeth Roof Garden
"[  { ""S"" : ""Vibes"" },  { ""S"" : ""Drinks"" },  { ""S"" : ""Date Night"" },  { ""S"" : ""Romantic"" },  { ""S"" : ""Seal The Deal"" },  { ""S"" : ""Cocktail"" },  { ""S"" : ""After Work Drinks"" },  { ""S"" : ""Outdoor Seating"" },  { ""S"" : ""Chill"" },  { ""S"" : ""Afternoon Tea"" },  { ""S"" : ""Girls Night"" }]",Hush Mayfair
"[  { ""S"" : ""Vibes"" },  { ""S"" : ""Drinks"" },  { ""S"" : ""LGBTQ+"" },  { ""S"" : ""Live Music"" },  { ""S"" : ""Outdoor Seating"" },  { ""S"" : ""Something Different"" },  { ""S"" : ""After Work Drinks"" },  { ""S"" : ""Catch Up With Friends"" },  { ""S"" : ""Brunch"" },  { ""S"" : ""Experiences"" }]",The Bedford
"[  { ""S"" : ""Vibes"" },  { ""S"" : ""Drinks"" },  { ""S"" : ""Restaurants"" },  { ""S"" : ""Outdoor Seating"" },  { ""S"" : ""After Work Drinks"" },  { ""S"" : ""Boozy Brunch"" },  { ""S"" : ""Brunch"" }]",Double Standard
"[  { ""S"" : ""Drinks"" },  { ""S"" : ""Vibes"" },  { ""S"" : ""Restaurants"" },  { ""S"" : ""Cheap Eats"" }]",Goods Way - Kings Cross
"[  { ""S"" : ""Restaurants"" },  { ""S"" : ""Vibes"" },  { ""S"" : ""Drinks"" },  { ""S"" : ""Rooftop"" },  { ""S"" : ""Rooftop"" },  { ""S"" : ""Boozy Brunch"" },  { ""S"" : ""Burger Lovers"" },  { ""S"" : ""Catch Up With Friends"" }]",Pergola Olympia
"[  { ""S"" : ""Restaurants"" },  { ""S"" : ""Drinks"" },  { ""S"" : ""Outdoor Seating"" },  { ""S"" : ""Craft Beer"" },  { ""S"" : ""Cocktail"" },  { ""S"" : ""After Work Drinks"" },  { ""S"" : ""Cheap Eats"" },  { ""S"" : ""Catch Up With Friends"" },  { ""S"" : ""Vegan"" }]",The Lost Hours
"[  { ""S"" : ""Date Night"" },  { ""S"" : ""Drinks"" },  { ""S"" : ""Restaurants"" },  { ""S"" : ""Food With A View"" },  { ""S"" : ""Cheap Eats"" },  { ""S"" : ""Catch Up With Friends"" },  { ""S"" : ""Burger Lovers"" },  { ""S"" : ""Boys Night"" },  { ""S"" : ""Hangover Cure"" },  { ""S"" : ""First Date"" },  { ""S"" : ""Outdoor Seating"" }]",Waterfront
"[  { ""S"" : ""Markets"" },  { ""S"" : ""Arts"" },  { ""S"" : ""Gallery"" }]",Spitalfields Market
"[  { ""S"" : ""Date Night"" },  { ""S"" : ""Vibes"" },  { ""S"" : ""Drinks"" },  { ""S"" : ""Rooftop"" },  { ""S"" : ""Outdoor Seating"" },  { ""S"" : ""Cocktail"" },  { ""S"" : ""Client Meeting"" },  { ""S"" : ""After Work Drinks"" },  { ""S"" : ""Places to Propose"" },  { ""S"" : ""Seal The Deal"" }]",H10 Waterloo Sky Bar
"[  { ""S"" : ""Ping Verified"" },  { ""S"" : ""Vibes"" },  { ""S"" : ""Drinks"" },  { ""S"" : ""Afternoon Tea"" },  { ""S"" : ""Experiences"" },  { ""S"" : ""Themed"" }]",Mr Fogg's Tavern - Covent Garden
"[  { ""S"" : ""Vibes"" },  { ""S"" : ""Drinks"" },  { ""S"" : ""Restaurants"" },  { ""S"" : ""Outdoor Seating"" },  { ""S"" : ""After Work Drinks"" },  { ""S"" : ""Boozy Brunch"" },  { ""S"" : ""Brunch"" }]",Double Standard
"[  { ""S"" : ""Drinks"" },  { ""S"" : ""Restaurants"" },  { ""S"" : ""Themed"" },  { ""S"" : ""Cocktail"" },  { ""S"" : ""Girls Night"" },  { ""S"" : ""First Date"" }]",Cottons Camden
"[  { ""S"" : ""Drinks"" },  { ""S"" : ""Restaurants"" },  { ""S"" : ""Client Meeting"" },  { ""S"" : ""Cocktail"" }]",Sette
"[  { ""S"" : ""Date Night"" },  { ""S"" : ""Drinks"" },  { ""S"" : ""Restaurants"" },  { ""S"" : ""Cocktail"" },  { ""S"" : ""Client Meeting"" },  { ""S"" : ""Outdoor Seating"" },  { ""S"" : ""Romantic"" },  { ""S"" : ""Seal The Deal"" }]",The Garden at The Corinthia
"[  { ""S"" : ""Drinks"" },  { ""S"" : ""Restaurants"" }]",The Hawk's Nest
"[  { ""S"" : ""Drinks"" },  { ""S"" : ""Restaurants"" },  { ""S"" : ""Themed"" },  { ""S"" : ""Cocktail"" },  { ""S"" : ""After Work Drinks"" }]",Azteca
"[  { ""S"" : ""Restaurants"" },  { ""S"" : ""Drinks"" },  { ""S"" : ""Hangover Cure"" },  { ""S"" : ""Girls Night"" }]",The Phene
"[  { ""S"" : ""Drinks"" },  { ""S"" : ""Live Music"" },  { ""S"" : ""Themed"" },  { ""S"" : ""Play Time"" }]",Barrio Soho
"[  { ""S"" : ""Restaurants"" },  { ""S"" : ""Drinks"" },  { ""S"" : ""Cocktail"" },  { ""S"" : ""Outdoor Seating"" },  { ""S"" : ""Themed"" }]",Hemingways Lounge Bar
"[  { ""S"" : ""Drinks"" },  { ""S"" : ""Rooftop"" },  { ""S"" : ""Outside"" }]",The Rooftop St. James
"[  { ""S"" : ""Restaurants"" },  { ""S"" : ""Date Night"" },  { ""S"" : ""Activities"" },  { ""S"" : ""Catch Up With Friends"" },  { ""S"" : ""First Date"" },  { ""S"" : ""Something Different"" },  { ""S"" : ""First Date"" },  { ""S"" : ""Fun Date"" },  { ""S"" : ""Ping Pong"" },  { ""S"" : ""Suss Date"" }]",Inamo - Soho
"[  { ""S"" : ""Drinks"" },  { ""S"" : ""Outdoor Seating"" },  { ""S"" : ""Rooftop"" },  { ""S"" : ""Cocktail"" },  { ""S"" : ""After Work Drinks"" },  { ""S"" : ""Client Meeting"" }]",Ham Yard Roof Terrace
"[  { ""S"" : ""Restaurants"" },  { ""S"" : ""Date Night"" },  { ""S"" : ""Romantic"" },  { ""S"" : ""Seal The Deal"" },  { ""S"" : ""Afternoon Tea"" },  { ""S"" : ""Brunch"" }]",Chiltern Firehouse
"[  { ""S"" : ""Restaurants"" },  { ""S"" : ""Food With A View"" }]",Seabird
"[  { ""S"" : ""Restaurants"" },  { ""S"" : ""Drinks"" },  { ""S"" : ""Outdoor Seating"" },  { ""S"" : ""Burger Lovers"" }]",The Albion
"[  { ""S"" : ""Restaurants"" },  { ""S"" : ""Vibes"" },  { ""S"" : ""Drinks"" },  { ""S"" : ""Cocktail"" },  { ""S"" : ""Rooftop"" },  { ""S"" : ""After Work Drinks"" },  { ""S"" : ""Food With A View"" }]",Madison 
"[  { ""S"" : ""Restaurants"" },  { ""S"" : ""Catch Up With Friends"" },  { ""S"" : ""Girls Night"" },  { ""S"" : ""Hangover Cure"" }]",The Ivy Chelsea Garden
"[  { ""S"" : ""Ping Verified"" },  { ""S"" : ""Vibes"" },  { ""S"" : ""Drinks"" },  { ""S"" : ""Afternoon Tea"" },  { ""S"" : ""Experiences"" },  { ""S"" : ""Themed"" }]",Mr Fogg's Tavern - Covent Garden
"[  { ""S"" : ""Restaurants"" },  { ""S"" : ""Drinks"" },  { ""S"" : ""Hangover Cure"" },  { ""S"" : ""Girls Night"" }]",The Phene
"[  { ""S"" : ""Drinks"" },  { ""S"" : ""Outdoor Seating"" },  { ""S"" : ""Rooftop"" },  { ""S"" : ""Cocktail"" },  { ""S"" : ""After Work Drinks"" },  { ""S"" : ""Client Meeting"" }]",Ham Yard Roof Terrace
"[  { ""S"" : ""Restaurants"" },  { ""S"" : ""Drinks"" },  { ""S"" : ""Outdoor Seating"" },  { ""S"" : ""Craft Beer"" },  { ""S"" : ""Cocktail"" },  { ""S"" : ""After Work Drinks"" },  { ""S"" : ""Cheap Eats"" },  { ""S"" : ""Catch Up With Friends"" },  { ""S"" : ""Vegan"" }]",The Lost Hours
"[  { ""S"" : ""Date Night"" },  { ""S"" : ""Restaurants"" },  { ""S"" : ""Food With A View"" },  { ""S"" : ""Places to Propose"" },  { ""S"" : ""Seal The Deal"" }]",Hutong
"[  { ""S"" : ""Date Night"" },  { ""S"" : ""Drinks"" },  { ""S"" : ""Restaurants"" },  { ""S"" : ""Food With A View"" },  { ""S"" : ""Cheap Eats"" },  { ""S"" : ""Catch Up With Friends"" },  { ""S"" : ""Burger Lovers"" },  { ""S"" : ""Boys Night"" },  { ""S"" : ""Hangover Cure"" },  { ""S"" : ""First Date"" },  { ""S"" : ""Outdoor Seating"" }]",Waterfront
"[  { ""S"" : ""Restaurants"" },  { ""S"" : ""Drinks"" },  { ""S"" : ""Outdoor Seating"" },  { ""S"" : ""Craft Beer"" },  { ""S"" : ""Cocktail"" },  { ""S"" : ""After Work Drinks"" },  { ""S"" : ""Cheap Eats"" },  { ""S"" : ""Catch Up With Friends"" },  { ""S"" : ""Vegan"" }]",The Lost Hours
"[  { ""S"" : ""Vibes"" },  { ""S"" : ""Drinks"" },  { ""S"" : ""Date Night"" },  { ""S"" : ""Cocktail"" },  { ""S"" : ""Fun Date"" },  { ""S"" : ""Romantic"" },  { ""S"" : ""Seal The Deal"" },  { ""S"" : ""Girls Night"" }]",Eve Bar
"[  { ""S"" : ""Restaurants"" },  { ""S"" : ""Vibes"" },  { ""S"" : ""Drinks"" },  { ""S"" : ""Rooftop"" },  { ""S"" : ""Rooftop"" },  { ""S"" : ""Boozy Brunch"" },  { ""S"" : ""Burger Lovers"" },  { ""S"" : ""Catch Up With Friends"" }]",Pergola Olympia
"[  { ""S"" : ""Restaurants"" },  { ""S"" : ""Drinks"" },  { ""S"" : ""After Work Drinks"" },  { ""S"" : ""Client Meeting"" },  { ""S"" : ""Boys Night"" },  { ""S"" : ""Girls Night"" },  { ""S"" : ""Brunch"" }]",Goat
"[  { ""S"" : ""Restaurants"" },  { ""S"" : ""Food With A View"" }]",Upper 5th
"[  { ""S"" : ""Drinks"" },  { ""S"" : ""Date Night"" },  { ""S"" : ""Activities"" },  { ""S"" : ""Something Different"" },  { ""S"" : ""Wine"" },  { ""S"" : ""Experiences"" }]",Gordon's Wine Bar
"[  { ""S"" : ""Restaurants"" },  { ""S"" : ""Drinks"" },  { ""S"" : ""Hangover Cure"" },  { ""S"" : ""Girls Night"" }]",The Phene
"[  { ""S"" : ""Vibes"" },  { ""S"" : ""Outside"" }]",Vauxhall Food & Beer Garden
"[  { ""S"" : ""Vibes"" },  { ""S"" : ""Drinks"" },  { ""S"" : ""Restaurants"" },  { ""S"" : ""Outdoor Seating"" },  { ""S"" : ""After Work Drinks"" },  { ""S"" : ""Boozy Brunch"" },  { ""S"" : ""Brunch"" }]",Double Standard
"[  { ""S"" : ""Vibes"" },  { ""S"" : ""Cafes"" },  { ""S"" : ""Virtual Reality"" },  { ""S"" : ""Catch Up With Friends"" },  { ""S"" : ""Cost Effective"" }]",GOVR cafe
"[  { ""S"" : ""Restaurants"" },  { ""S"" : ""Vibes"" },  { ""S"" : ""Drinks"" },  { ""S"" : ""Rooftop"" },  { ""S"" : ""Rooftop"" },  { ""S"" : ""Boozy Brunch"" },  { ""S"" : ""Burger Lovers"" },  { ""S"" : ""Catch Up With Friends"" }]",Pergola Olympia
"[  { ""S"" : ""Drinks"" },  { ""S"" : ""Outdoor Seating"" },  { ""S"" : ""After Work Drinks"" },  { ""S"" : ""Wine"" }]",The Hope
"[  { ""S"" : ""Workouts"" }]",Test Place Burnham2
"[  { ""S"" : ""Workouts"" }]",Test Place Burnham2
"[  { ""S"" : ""Restaurants"" },  { ""S"" : ""Drinks"" },  { ""S"" : ""Outdoor Seating"" }]",Aragon House
"[  { ""S"" : ""Vibes"" },  { ""S"" : ""Date Night"" },  { ""S"" : ""Activities"" },  { ""S"" : ""Drinks"" },  { ""S"" : ""Something Different"" },  { ""S"" : ""LGBTQ+"" },  { ""S"" : ""Cocktail"" },  { ""S"" : ""Experiences"" },  { ""S"" : ""Fun Date"" },  { ""S"" : ""First Date"" },  { ""S"" : ""Catch Up With Friends"" },  { ""S"" : ""Play Time"" }]",Chelsea Funhouse
"[  { ""S"" : ""Vibes"" },  { ""S"" : ""Restaurants"" },  { ""S"" : ""Drinks"" },  { ""S"" : ""Date Night"" },  { ""S"" : ""First Date"" },  { ""S"" : ""Cocktail"" },  { ""S"" : ""Catch Up With Friends"" },  { ""S"" : ""Chill"" }]",Lost Society Battersea
"[  { ""S"" : ""Vibes"" },  { ""S"" : ""Restaurants"" },  { ""S"" : ""Girls Night"" },  { ""S"" : ""Instagrammable"" },  { ""S"" : ""Boys Night"" },  { ""S"" : ""Something Different"" }]",Circolo Popolare
"[  { ""S"" : ""Ping Verified"" },  { ""S"" : ""Music"" },  { ""S"" : ""Drinks"" },  { ""S"" : ""Date Night"" },  { ""S"" : ""Arts"" },  { ""S"" : ""Cocktail"" },  { ""S"" : ""Themed"" },  { ""S"" : ""First Date"" }]",Archer Street SW11
"[  { ""S"" : ""Date Night"" },  { ""S"" : ""Restaurants"" },  { ""S"" : ""Something Different"" },  { ""S"" : ""Places to Propose"" },  { ""S"" : ""Seal The Deal"" }]",Kitchen at Holmes
"[  { ""S"" : ""Restaurants"" },  { ""S"" : ""Drinks"" },  { ""S"" : ""Catch Up With Friends"" }]",The Little Blue Door
"[  { ""S"" : ""Vibes"" },  { ""S"" : ""Drinks"" },  { ""S"" : ""Rooftop"" },  { ""S"" : ""Outdoor Seating"" },  { ""S"" : ""After Work Drinks"" }]",The Rooftop at The Standard
"[  { ""S"" : ""Restaurants"" },  { ""S"" : ""Drinks"" },  { ""S"" : ""Cocktail"" },  { ""S"" : ""Outdoor Seating"" },  { ""S"" : ""Themed"" }]",Hemingways Lounge Bar
"[  { ""S"" : ""Vibes"" },  { ""S"" : ""Drinks"" },  { ""S"" : ""After Work Drinks"" },  { ""S"" : ""Outdoor Seating"" },  { ""S"" : ""Catch Up With Friends"" },  { ""S"" : ""Brunch"" }]",The Princess Of Wales
"[  { ""S"" : ""Drinks"" },  { ""S"" : ""Activities"" },  { ""S"" : ""Mini Golf"" },  { ""S"" : ""Something Different"" },  { ""S"" : ""Play Time"" },  { ""S"" : ""LGBTQ+"" },  { ""S"" : ""Instagramable"" },  { ""S"" : ""Themed"" },  { ""S"" : ""After Work Drinks"" }]",Junkyard Golf Club
"[  { ""S"" : ""Restaurants"" },  { ""S"" : ""Vibes"" },  { ""S"" : ""Afternoon Tea"" },  { ""S"" : ""Rooftop"" },  { ""S"" : ""Something Different"" },  { ""S"" : ""Food With A View"" }]",Treehouse Hotel - The Nest
"[  { ""S"" : ""Vibes"" },  { ""S"" : ""Drinks"" },  { ""S"" : ""Rooftop"" },  { ""S"" : ""Outdoor Seating"" },  { ""S"" : ""After Work Drinks"" }]",The Rooftop at The Standard
"[  { ""S"" : ""Vibes"" },  { ""S"" : ""Drinks"" },  { ""S"" : ""Date Night"" },  { ""S"" : ""Outdoor Seating"" },  { ""S"" : ""Cocktail"" },  { ""S"" : ""Client Meeting"" },  { ""S"" : ""After Work Drinks"" },  { ""S"" : ""Catch Up With Friends"" },  { ""S"" : ""Rooftop"" },  { ""S"" : ""Work Spots"" }]",Soho House 40 Greek Street
"[  { ""S"" : ""Restaurants"" },  { ""S"" : ""Vibes"" },  { ""S"" : ""Drinks"" },  { ""S"" : ""Cocktail"" },  { ""S"" : ""Rooftop"" },  { ""S"" : ""After Work Drinks"" },  { ""S"" : ""Food With A View"" }]",Madison 
"[  { ""S"" : ""Restaurants"" },  { ""S"" : ""Something Different"" },  { ""S"" : ""Hangover Cure"" }]",Ping Pong Soho
"[  { ""S"" : ""Drinks"" }]",The Rake
"[  { ""S"" : ""Restaurants"" },  { ""S"" : ""Date Night"" },  { ""S"" : ""Vibes"" },  { ""S"" : ""Drinks"" },  { ""S"" : ""Experiences"" },  { ""S"" : ""Romantic"" },  { ""S"" : ""Rooftop"" },  { ""S"" : ""Rooftop"" },  { ""S"" : ""Seal The Deal"" },  { ""S"" : ""First Date"" },  { ""S"" : ""Food With A View"" }]",Sky Garden
"[  { ""S"" : ""Vibes"" },  { ""S"" : ""Drinks"" },  { ""S"" : ""Themed"" },  { ""S"" : ""Something Different"" },  { ""S"" : ""Outdoor Seating"" },  { ""S"" : ""Instagrammable"" },  { ""S"" : ""After Work Drinks"" }]",The Beach Bar at The Montague
"[  { ""S"" : ""Vibes"" },  { ""S"" : ""Drinks"" },  { ""S"" : ""Cabaret"" },  { ""S"" : ""Themed"" },  { ""S"" : ""Experiences"" },  { ""S"" : ""Girls Night"" }]",Bunga Bunga Covent Garden
"[  { ""S"" : ""Restaurants"" },  { ""S"" : ""Vibes"" },  { ""S"" : ""Drinks"" },  { ""S"" : ""Cocktail"" },  { ""S"" : ""Rooftop"" },  { ""S"" : ""After Work Drinks"" },  { ""S"" : ""Food With A View"" }]",Madison 
"[  { ""S"" : ""Vibes"" },  { ""S"" : ""Drinks"" },  { ""S"" : ""Date Night"" },  { ""S"" : ""Romantic"" },  { ""S"" : ""Seal The Deal"" },  { ""S"" : ""Cocktail"" },  { ""S"" : ""After Work Drinks"" },  { ""S"" : ""Outdoor Seating"" },  { ""S"" : ""Chill"" },  { ""S"" : ""Afternoon Tea"" },  { ""S"" : ""Girls Night"" }]",Hush Mayfair
"[  { ""S"" : ""Restaurants"" },  { ""S"" : ""Drinks"" },  { ""S"" : ""Cocktail"" },  { ""S"" : ""Outdoor Seating"" },  { ""S"" : ""Themed"" }]",Hemingways Lounge Bar
"[  { ""S"" : ""Vibes"" },  { ""S"" : ""Drinks"" },  { ""S"" : ""Date Night"" },  { ""S"" : ""Cocktail"" },  { ""S"" : ""Fun Date"" },  { ""S"" : ""Romantic"" },  { ""S"" : ""Seal The Deal"" },  { ""S"" : ""Girls Night"" }]",Eve Bar
"[  { ""S"" : ""Date Night"" },  { ""S"" : ""Restaurants"" },  { ""S"" : ""Drinks"" },  { ""S"" : ""Something Different"" },  { ""S"" : ""Themed"" },  { ""S"" : ""Cocktail"" },  { ""S"" : ""After Work Drinks"" },  { ""S"" : ""First Date"" }]",The Alchemist St Martin's Lane
"[  { ""S"" : ""Restaurants"" },  { ""S"" : ""Date Night"" },  { ""S"" : ""Romantic"" },  { ""S"" : ""Seal The Deal"" },  { ""S"" : ""Afternoon Tea"" },  { ""S"" : ""Brunch"" }]",Chiltern Firehouse
"[  { ""S"" : ""Restaurants"" },  { ""S"" : ""Vibes"" },  { ""S"" : ""Cafes"" },  { ""S"" : ""Chill"" },  { ""S"" : ""Work Spots"" },  { ""S"" : ""Chill"" },  { ""S"" : ""Work Spots"" },  { ""S"" : ""Hangover Cure"" }]",FARE
"[  { ""S"" : ""Date Night"" },  { ""S"" : ""Drinks"" },  { ""S"" : ""Restaurants"" },  { ""S"" : ""Client Meeting"" },  { ""S"" : ""Cocktail"" },  { ""S"" : ""First Date"" },  { ""S"" : ""Romantic"" }]",Coppa Club Brighton
"[  { ""S"" : ""Vibes"" },  { ""S"" : ""Clubs"" },  { ""S"" : ""Boys Night"" },  { ""S"" : ""Girls Night"" },  { ""S"" : ""The Sesh"" }]",XOYO
"[  { ""S"" : ""Date Night"" },  { ""S"" : ""Drinks"" },  { ""S"" : ""Vibes"" },  { ""S"" : ""Restaurants"" },  { ""S"" : ""Chill"" },  { ""S"" : ""Cocktail"" },  { ""S"" : ""Outdoor Seating"" },  { ""S"" : ""First Date"" }]",Terra Terra
"[  { ""S"" : ""Restaurants"" },  { ""S"" : ""Vibes"" },  { ""S"" : ""Afternoon Tea"" },  { ""S"" : ""Rooftop"" },  { ""S"" : ""Something Different"" },  { ""S"" : ""Food With A View"" }]",Treehouse Hotel - The Nest
"[  { ""S"" : ""Restaurants"" }]",Passo Shoreditch
"[  { ""S"" : ""Restaurants"" },  { ""S"" : ""Drinks"" },  { ""S"" : ""Cocktail"" },  { ""S"" : ""Outdoor Seating"" },  { ""S"" : ""Themed"" }]",Hemingways Lounge Bar
"[  { ""S"" : ""Vibes"" },  { ""S"" : ""Drinks"" },  { ""S"" : ""Rooftop"" },  { ""S"" : ""Outdoor Seating"" },  { ""S"" : ""After Work Drinks"" }]",The Rooftop at The Standard
"[  { ""S"" : ""Drinks"" },  { ""S"" : ""Clubs"" },  { ""S"" : ""Rooftop"" },  { ""S"" : ""Cocktail"" }]",Soho Garden DXB
"[  { ""S"" : ""Drinks"" },  { ""S"" : ""Date Night"" },  { ""S"" : ""Activities"" },  { ""S"" : ""Something Different"" },  { ""S"" : ""Wine"" },  { ""S"" : ""Experiences"" }]",Gordon's Wine Bar
"[  { ""S"" : ""Restaurants"" },  { ""S"" : ""Date Night"" },  { ""S"" : ""Romantic"" },  { ""S"" : ""Seal The Deal"" },  { ""S"" : ""Afternoon Tea"" },  { ""S"" : ""Brunch"" }]",Chiltern Firehouse
"[  { ""S"" : ""Vibes"" },  { ""S"" : ""Drinks"" },  { ""S"" : ""Themed"" },  { ""S"" : ""LGBTQ+"" },  { ""S"" : ""Instagrammable"" },  { ""S"" : ""Girls Night"" },  { ""S"" : ""Brunch"" }]",Near & Far Peckham Levels
"[  { ""S"" : ""Activities"" },  { ""S"" : ""Experiences"" }]",Whistle Punks Urban Axe Throwing
"[  { ""S"" : ""Vibes"" },  { ""S"" : ""Drinks"" },  { ""S"" : ""Instagrammable"" },  { ""S"" : ""After Work Drinks"" },  { ""S"" : ""Client Meeting"" },  { ""S"" : ""Cocktail"" },  { ""S"" : ""Outdoor Seating"" },  { ""S"" : ""Rooftop"" }]",The Secret Garden - South Place
"[  { ""S"" : ""Arts"" },  { ""S"" : ""Activities"" },  { ""S"" : ""Experiences"" }]",The Chocolate Museum
"[  { ""S"" : ""Date Night"" },  { ""S"" : ""Vibes"" },  { ""S"" : ""Drinks"" },  { ""S"" : ""Themed"" },  { ""S"" : ""Something Different"" },  { ""S"" : ""Instagrammable"" },  { ""S"" : ""Fun Date"" }]",Cahoots
"[  { ""S"" : ""Date Night"" },  { ""S"" : ""Restaurants"" },  { ""S"" : ""Drinks"" },  { ""S"" : ""Catch Up With Friends"" },  { ""S"" : ""Hangover Cure"" },  { ""S"" : ""Vegan"" },  { ""S"" : ""Cocktail"" },  { ""S"" : ""Wine"" },  { ""S"" : ""Suss Date"" }]",No 29 Power Station West
"[  { ""S"" : ""Drinks"" },  { ""S"" : ""Restaurants"" },  { ""S"" : ""Vibes"" },  { ""S"" : ""Rooftop"" },  { ""S"" : ""Day Drinking"" },  { ""S"" : ""Brunch"" },  { ""S"" : ""Wine"" },  { ""S"" : ""Outdoor Seating"" }]",The Fellow 
"[  { ""S"" : ""Ping Verified"" },  { ""S"" : ""Vibes"" },  { ""S"" : ""Drinks"" },  { ""S"" : ""Afternoon Tea"" },  { ""S"" : ""Experiences"" },  { ""S"" : ""Themed"" }]",Mr Fogg's Tavern - Covent Garden
"[  { ""S"" : ""Restaurants"" },  { ""S"" : ""Drinks"" },  { ""S"" : ""After Work Drinks"" },  { ""S"" : ""Outdoor Seating"" },  { ""S"" : ""Cheap Eats"" },  { ""S"" : ""Catch Up With Friends"" }]",The Rose & Crown
"[  { ""S"" : ""Vibes"" },  { ""S"" : ""Restaurants"" },  { ""S"" : ""Drinks"" },  { ""S"" : ""Outdoor Seating"" },  { ""S"" : ""Food With A View"" },  { ""S"" : ""Catch Up With Friends"" },  { ""S"" : ""Chill"" }]",The Boathouse
"[  { ""S"" : ""Date Night"" },  { ""S"" : ""Drinks"" },  { ""S"" : ""First Date"" },  { ""S"" : ""Cocktail"" },  { ""S"" : ""Instagramable"" },  { ""S"" : ""LGBTQ+"" }]",Girlfriend Clapham
"[  { ""S"" : ""Drinks"" },  { ""S"" : ""Cocktail"" },  { ""S"" : ""After Work Drinks"" }]",London Cocktail Club - Liverpool Street
"[  { ""S"" : ""Date Night"" },  { ""S"" : ""Drinks"" },  { ""S"" : ""Restaurants"" },  { ""S"" : ""After Work Drinks"" },  { ""S"" : ""Brunch"" },  { ""S"" : ""Vegan"" },  { ""S"" : ""Client Meeting"" },  { ""S"" : ""First Date"" },  { ""S"" : ""Suss Date"" }]",Scarlett Green
"[  { ""S"" : ""Date Night"" },  { ""S"" : ""Restaurants"" },  { ""S"" : ""Drinks"" },  { ""S"" : ""Catch Up With Friends"" },  { ""S"" : ""Hangover Cure"" },  { ""S"" : ""Vegan"" },  { ""S"" : ""Cocktail"" },  { ""S"" : ""Wine"" },  { ""S"" : ""Suss Date"" }]",No 29 Power Station West
"[  { ""S"" : ""Restaurants"" },  { ""S"" : ""Drinks"" },  { ""S"" : ""Outdoor Seating"" }]",The Mitre SW6
"[  { ""S"" : ""Restaurants"" },  { ""S"" : ""Vibes"" },  { ""S"" : ""Drinks"" },  { ""S"" : ""Cocktail"" },  { ""S"" : ""Rooftop"" },  { ""S"" : ""After Work Drinks"" },  { ""S"" : ""Food With A View"" }]",Madison 
"[  { ""S"" : ""Drinks"" },  { ""S"" : ""Restaurants"" }]",The Hawk's Nest
"[  { ""S"" : ""Restaurants"" },  { ""S"" : ""Date Night"" },  { ""S"" : ""Seal The Deal"" },  { ""S"" : ""Romantic"" },  { ""S"" : ""Food With A View"" },  { ""S"" : ""Girls Night"" }]",SUSHISAMBA Covent Garden
"[  { ""S"" : ""Date Night"" },  { ""S"" : ""Drinks"" },  { ""S"" : ""Restaurants"" },  { ""S"" : ""Food With A View"" },  { ""S"" : ""Cheap Eats"" },  { ""S"" : ""Catch Up With Friends"" },  { ""S"" : ""Burger Lovers"" },  { ""S"" : ""Boys Night"" },  { ""S"" : ""Hangover Cure"" },  { ""S"" : ""First Date"" },  { ""S"" : ""Outdoor Seating"" }]",Waterfront
"[  { ""S"" : ""Restaurants"" },  { ""S"" : ""Date Night"" },  { ""S"" : ""Seal The Deal"" },  { ""S"" : ""Romantic"" },  { ""S"" : ""Food With A View"" },  { ""S"" : ""Girls Night"" }]",SUSHISAMBA Covent Garden
"[  { ""S"" : ""Vibes"" },  { ""S"" : ""Drinks"" },  { ""S"" : ""Instagrammable"" },  { ""S"" : ""After Work Drinks"" },  { ""S"" : ""Client Meeting"" },  { ""S"" : ""Cocktail"" },  { ""S"" : ""Outdoor Seating"" },  { ""S"" : ""Rooftop"" }]",The Secret Garden - South Place
"[  { ""S"" : ""Drinks"" },  { ""S"" : ""Live Music"" },  { ""S"" : ""Something Different"" },  { ""S"" : ""Themed"" }]",The Battersea Barge
"[  { ""S"" : ""Ping Verified"" },  { ""S"" : ""Vibes"" },  { ""S"" : ""Drinks"" },  { ""S"" : ""Afternoon Tea"" },  { ""S"" : ""Experiences"" },  { ""S"" : ""Themed"" }]",Mr Fogg's Tavern - Covent Garden
"[  { ""S"" : ""Drinks"" },  { ""S"" : ""Restaurants"" }]",The Hawk's Nest
"[  { ""S"" : ""Workouts"" }]",Test Place Burnham2
"[  { ""S"" : ""Drinks"" },  { ""S"" : ""Restaurants"" },  { ""S"" : ""Wine"" },  { ""S"" : ""Outdoor Seating"" }]",Boro Bistro
"[  { ""S"" : ""Restaurants"" },  { ""S"" : ""Drinks"" },  { ""S"" : ""Outdoor Seating"" }]",Aragon House
"[  { ""S"" : ""Restaurants"" },  { ""S"" : ""Food With A View"" }]",Upper 5th
"[  { ""S"" : ""Drinks"" },  { ""S"" : ""Restaurants"" },  { ""S"" : ""Rooftop"" },  { ""S"" : ""Food With A View"" },  { ""S"" : ""First Date"" }]",Aviary - Rooftop Restaurant & Terrace Bar
"[  { ""S"" : ""Drinks"" },  { ""S"" : ""Date Night"" },  { ""S"" : ""After Work Drinks"" },  { ""S"" : ""Outdoor Seating"" }]",The Queens
"[  { ""S"" : ""Restaurants"" },  { ""S"" : ""Vibes"" },  { ""S"" : ""Afternoon Tea"" },  { ""S"" : ""Rooftop"" },  { ""S"" : ""Something Different"" },  { ""S"" : ""Food With A View"" }]",Treehouse Hotel - The Nest
"[  { ""S"" : ""Restaurants"" },  { ""S"" : ""Date Night"" },  { ""S"" : ""Seal The Deal"" },  { ""S"" : ""Romantic"" },  { ""S"" : ""Food With A View"" },  { ""S"" : ""Girls Night"" }]",SUSHISAMBA Covent Garden
"[  { ""S"" : ""Vibes"" },  { ""S"" : ""Drinks"" },  { ""S"" : ""Date Night"" },  { ""S"" : ""Romantic"" },  { ""S"" : ""Seal The Deal"" },  { ""S"" : ""Cocktail"" },  { ""S"" : ""After Work Drinks"" },  { ""S"" : ""Outdoor Seating"" },  { ""S"" : ""Chill"" },  { ""S"" : ""Afternoon Tea"" },  { ""S"" : ""Girls Night"" }]",Hush Mayfair
"[  { ""S"" : ""Date Night"" },  { ""S"" : ""Restaurants"" },  { ""S"" : ""Drinks"" },  { ""S"" : ""Catch Up With Friends"" },  { ""S"" : ""Hangover Cure"" },  { ""S"" : ""Vegan"" },  { ""S"" : ""Cocktail"" },  { ""S"" : ""Wine"" },  { ""S"" : ""Suss Date"" }]",No 29 Power Station West
"[  { ""S"" : ""Drinks"" },  { ""S"" : ""Themed"" },  { ""S"" : ""After Work Drinks"" }]",Rum Kitchen Shoreditch
"[  { ""S"" : ""Vibes"" },  { ""S"" : ""Drinks"" },  { ""S"" : ""Clubs"" },  { ""S"" : ""Rooftop"" }]",Night Tales
"[  { ""S"" : ""Vibes"" },  { ""S"" : ""Drinks"" },  { ""S"" : ""Rooftop"" },  { ""S"" : ""Outdoor Seating"" },  { ""S"" : ""After Work Drinks"" }]",The Rooftop at The Standard
"[  { ""S"" : ""Drinks"" },  { ""S"" : ""Live Music"" },  { ""S"" : ""Something Different"" },  { ""S"" : ""Themed"" }]",The Battersea Barge
"[  { ""S"" : ""Restaurants"" },  { ""S"" : ""Date Night"" },  { ""S"" : ""Seal The Deal"" },  { ""S"" : ""Romantic"" },  { ""S"" : ""Food With A View"" },  { ""S"" : ""Girls Night"" }]",SUSHISAMBA Covent Garden
"[  { ""S"" : ""Restaurants"" },  { ""S"" : ""Drinks"" },  { ""S"" : ""Outdoor Seating"" },  { ""S"" : ""Food With A View"" },  { ""S"" : ""Catch Up With Friends"" },  { ""S"" : ""Boys Night"" },  { ""S"" : ""Girls Night"" }]",Coppa Club
"[  { ""S"" : ""Vibes"" },  { ""S"" : ""Drinks"" },  { ""S"" : ""Date Night"" },  { ""S"" : ""Romantic"" },  { ""S"" : ""Seal The Deal"" },  { ""S"" : ""Cocktail"" },  { ""S"" : ""After Work Drinks"" },  { ""S"" : ""Outdoor Seating"" },  { ""S"" : ""Chill"" },  { ""S"" : ""Afternoon Tea"" },  { ""S"" : ""Girls Night"" }]",Hush Mayfair
"[  { ""S"" : ""Restaurants"" },  { ""S"" : ""Drinks"" },  { ""S"" : ""Cheap Eats"" },  { ""S"" : ""Catch Up With Friends"" },  { ""S"" : ""Burger Lovers"" },  { ""S"" : ""Hangover Cure"" },  { ""S"" : ""Vegan"" }]",The Prince
"[  { ""S"" : ""Vibes"" },  { ""S"" : ""Activities"" },  { ""S"" : ""Adrenaline"" },  { ""S"" : ""Play Time"" },  { ""S"" : ""Boys Night"" },  { ""S"" : ""Catch Up With Friends"" }]",Flip Out Wandsworth
"[  { ""S"" : ""Drinks"" },  { ""S"" : ""Vibes"" },  { ""S"" : ""Instagrammable"" },  { ""S"" : ""Clubs"" },  { ""S"" : ""Bachelor Party"" },  { ""S"" : ""Bachelorette Party"" },  { ""S"" : ""Boys Night"" },  { ""S"" : ""Clubstraunts"" },  { ""S"" : ""Girls Night"" },  { ""S"" : ""Instagramable"" },  { ""S"" : ""The Sesh"" },  { ""S"" : ""Themed"" },  { ""S"" : ""Naughty Nights"" }]",Cirque Le Soir
"[  { ""S"" : ""Vibes"" },  { ""S"" : ""Restaurants"" },  { ""S"" : ""Drinks"" },  { ""S"" : ""Brunch"" },  { ""S"" : ""Chill"" },  { ""S"" : ""Day Drinking"" },  { ""S"" : ""Brunch"" },  { ""S"" : ""Burger Lovers"" }]",The Edinboro Castle 
"[  { ""S"" : ""Restaurants"" },  { ""S"" : ""Vibes"" },  { ""S"" : ""Drinks"" },  { ""S"" : ""Rooftop"" },  { ""S"" : ""Rooftop"" },  { ""S"" : ""Boozy Brunch"" },  { ""S"" : ""Burger Lovers"" },  { ""S"" : ""Catch Up With Friends"" }]",Pergola Olympia
"[  { ""S"" : ""Restaurants"" },  { ""S"" : ""Date Night"" },  { ""S"" : ""Seal The Deal"" },  { ""S"" : ""Romantic"" },  { ""S"" : ""Food With A View"" },  { ""S"" : ""Girls Night"" }]",SUSHISAMBA Covent Garden
"[  { ""S"" : ""Ping Verified"" },  { ""S"" : ""Ladies Night"" },  { ""S"" : ""Date Night"" },  { ""S"" : ""Drinks"" },  { ""S"" : ""Restaurants"" },  { ""S"" : ""Food With A View"" },  { ""S"" : ""First Date"" },  { ""S"" : ""Cocktail"" },  { ""S"" : ""Wine"" },  { ""S"" : ""Something Different"" },  { ""S"" : ""Seal The Deal"" }]",Oblix at the shard 
"[  { ""S"" : ""Vibes"" },  { ""S"" : ""Drinks"" },  { ""S"" : ""Rooftop"" },  { ""S"" : ""Outdoor Seating"" },  { ""S"" : ""After Work Drinks"" }]",The Rooftop at The Standard
"[  { ""S"" : ""Date Night"" },  { ""S"" : ""Restaurants"" },  { ""S"" : ""Burger Lovers"" },  { ""S"" : ""Boys Night"" },  { ""S"" : ""Girls Night"" },  { ""S"" : ""Romantic"" },  { ""S"" : ""Seal The Deal"" },  { ""S"" : ""Suss Date"" }]",STK London
"[  { ""S"" : ""Restaurants"" },  { ""S"" : ""Vibes"" },  { ""S"" : ""Drinks"" },  { ""S"" : ""Rooftop"" },  { ""S"" : ""Rooftop"" },  { ""S"" : ""Boozy Brunch"" },  { ""S"" : ""Burger Lovers"" },  { ""S"" : ""Catch Up With Friends"" }]",Pergola Olympia
"[  { ""S"" : ""Vibes"" },  { ""S"" : ""Drinks"" },  { ""S"" : ""Date Night"" },  { ""S"" : ""Activities"" },  { ""S"" : ""After Work Drinks"" },  { ""S"" : ""Catch Up With Friends"" },  { ""S"" : ""Play Time"" },  { ""S"" : ""After Work Drinks"" },  { ""S"" : ""Cocktail"" },  { ""S"" : ""Something Different"" },  { ""S"" : ""Themed"" },  { ""S"" : ""Fun Date"" },  { ""S"" : ""Darts"" }]",Flight Club Victoria
"[  { ""S"" : ""Vibes"" },  { ""S"" : ""Restaurants"" },  { ""S"" : ""Drinks"" },  { ""S"" : ""Date Night"" },  { ""S"" : ""First Date"" },  { ""S"" : ""Cocktail"" },  { ""S"" : ""Catch Up With Friends"" },  { ""S"" : ""Chill"" }]",Lost Society Battersea
"[  { ""S"" : ""Restaurants"" },  { ""S"" : ""Drinks"" },  { ""S"" : ""After Work Drinks"" },  { ""S"" : ""Rooftop"" },  { ""S"" : ""Brunch"" },  { ""S"" : ""Food With A View"" }]",Bar Elba
"[  { ""S"" : ""Date Night"" },  { ""S"" : ""Vibes"" },  { ""S"" : ""Sundowners"" },  { ""S"" : ""Drinks"" },  { ""S"" : ""After Work Drinks"" },  { ""S"" : ""Catch Up With Friends"" },  { ""S"" : ""Day Drinking"" },  { ""S"" : ""Sundowners"" },  { ""S"" : ""After Work Drinks"" },  { ""S"" : ""Client Meeting"" },  { ""S"" : ""Cocktail"" },  { ""S"" : ""LGBTQ+"" },  { ""S"" : ""Outdoor Seating"" },  { ""S"" : ""Suss Date"" }]",The Trafalgar Arms
"[  { ""S"" : ""Vibes"" },  { ""S"" : ""Drinks"" },  { ""S"" : ""Instagrammable"" },  { ""S"" : ""After Work Drinks"" },  { ""S"" : ""Client Meeting"" },  { ""S"" : ""Cocktail"" },  { ""S"" : ""Outdoor Seating"" },  { ""S"" : ""Rooftop"" }]",The Secret Garden - South Place
"[  { ""S"" : ""Date Night"" },  { ""S"" : ""Restaurants"" },  { ""S"" : ""Drinks"" },  { ""S"" : ""Something Different"" },  { ""S"" : ""Themed"" },  { ""S"" : ""Cocktail"" },  { ""S"" : ""After Work Drinks"" },  { ""S"" : ""First Date"" }]",The Alchemist St Martin's Lane
"[  { ""S"" : ""Vibes"" },  { ""S"" : ""Drinks"" },  { ""S"" : ""Rooftop"" },  { ""S"" : ""Outdoor Seating"" },  { ""S"" : ""After Work Drinks"" }]",The Rooftop at The Standard
"[  { ""S"" : ""Vibes"" },  { ""S"" : ""Drinks"" },  { ""S"" : ""Restaurants"" },  { ""S"" : ""Food With A View"" },  { ""S"" : ""First Date"" },  { ""S"" : ""Cocktail"" },  { ""S"" : ""After Work Drinks"" },  { ""S"" : ""Romantic"" }]",Searcys at The Gherkin
"[  { ""S"" : ""Restaurants"" },  { ""S"" : ""Drinks"" },  { ""S"" : ""After Work Drinks"" },  { ""S"" : ""Client Meeting"" },  { ""S"" : ""Boys Night"" },  { ""S"" : ""Girls Night"" },  { ""S"" : ""Brunch"" }]",Goat
"[  { ""S"" : ""Restaurants"" },  { ""S"" : ""Vibes"" },  { ""S"" : ""Drinks"" },  { ""S"" : ""Cocktail"" },  { ""S"" : ""Rooftop"" },  { ""S"" : ""After Work Drinks"" },  { ""S"" : ""Food With A View"" }]",Madison 
"[  { ""S"" : ""Ping Verified"" },  { ""S"" : ""Music"" },  { ""S"" : ""Drinks"" },  { ""S"" : ""Date Night"" },  { ""S"" : ""Arts"" },  { ""S"" : ""Cocktail"" },  { ""S"" : ""Themed"" },  { ""S"" : ""First Date"" }]",Archer Street SW11
"[  { ""S"" : ""Restaurants"" },  { ""S"" : ""Date Night"" },  { ""S"" : ""Seal The Deal"" },  { ""S"" : ""Romantic"" },  { ""S"" : ""Food With A View"" },  { ""S"" : ""Girls Night"" }]",SUSHISAMBA Covent Garden
"[  { ""S"" : ""Restaurants"" },  { ""S"" : ""Drinks"" },  { ""S"" : ""After Work Drinks"" },  { ""S"" : ""Client Meeting"" },  { ""S"" : ""Boys Night"" },  { ""S"" : ""Girls Night"" },  { ""S"" : ""Brunch"" }]",Goat
"[  { ""S"" : ""Drinks"" },  { ""S"" : ""Cocktail"" },  { ""S"" : ""After Work Drinks"" }]",London Cocktail Club - Liverpool Street
"[  { ""S"" : ""Date Night"" },  { ""S"" : ""Drinks"" },  { ""S"" : ""Restaurants"" },  { ""S"" : ""Cocktail"" },  { ""S"" : ""Client Meeting"" },  { ""S"" : ""Outdoor Seating"" },  { ""S"" : ""Romantic"" },  { ""S"" : ""Seal The Deal"" }]",The Garden at The Corinthia
"[  { ""S"" : ""Drinks"" },  { ""S"" : ""Date Night"" },  { ""S"" : ""Restaurants"" },  { ""S"" : ""Vegan"" },  { ""S"" : ""Romantic"" },  { ""S"" : ""Cocktail"" },  { ""S"" : ""Themed"" },  { ""S"" : ""Something Different"" },  { ""S"" : ""Rooftop"" },  { ""S"" : ""Outdoor Seating"" },  { ""S"" : ""Instagramable"" }]",Casa Madera
"[  { ""S"" : ""Restaurants"" },  { ""S"" : ""Drinks"" },  { ""S"" : ""After Work Drinks"" },  { ""S"" : ""Rooftop"" },  { ""S"" : ""Brunch"" },  { ""S"" : ""Food With A View"" }]",Bar Elba
"[  { ""S"" : ""Restaurants"" },  { ""S"" : ""Drinks"" },  { ""S"" : ""Hangover Cure"" },  { ""S"" : ""Girls Night"" }]",The Phene
"[  { ""S"" : ""Date Night"" },  { ""S"" : ""Drinks"" },  { ""S"" : ""Cocktail"" },  { ""S"" : ""Themed"" },  { ""S"" : ""First Date"" },  { ""S"" : ""Suss Date"" }]",Casa Blue
"[  { ""S"" : ""Restaurants"" },  { ""S"" : ""Catch Up With Friends"" },  { ""S"" : ""Girls Night"" },  { ""S"" : ""Hangover Cure"" }]",The Ivy Chelsea Garden
"[  { ""S"" : ""Drinks"" },  { ""S"" : ""Outside"" }]",The Lighterman
"[  { ""S"" : ""Workouts"" }]",Test Place Burnham2
"[  { ""S"" : ""Restaurants"" },  { ""S"" : ""Drinks"" },  { ""S"" : ""Hangover Cure"" },  { ""S"" : ""Girls Night"" }]",The Phene
"[  { ""S"" : ""Drinks"" },  { ""S"" : ""Date Night"" },  { ""S"" : ""Activities"" },  { ""S"" : ""Something Different"" },  { ""S"" : ""Wine"" },  { ""S"" : ""Experiences"" }]",Gordon's Wine Bar
"[  { ""S"" : ""Vibes"" },  { ""S"" : ""Drinks"" },  { ""S"" : ""Rooftop"" },  { ""S"" : ""Outdoor Seating"" },  { ""S"" : ""After Work Drinks"" }]",The Rooftop at The Standard
"[  { ""S"" : ""Drinks"" },  { ""S"" : ""Restaurants"" },  { ""S"" : ""Vibes"" },  { ""S"" : ""Rooftop"" },  { ""S"" : ""Day Drinking"" },  { ""S"" : ""Brunch"" },  { ""S"" : ""Wine"" },  { ""S"" : ""Outdoor Seating"" }]",The Fellow 
"[  { ""S"" : ""Vibes"" },  { ""S"" : ""Drinks"" },  { ""S"" : ""Date Night"" },  { ""S"" : ""Restaurants"" },  { ""S"" : ""First Date"" },  { ""S"" : ""Suss Date"" },  { ""S"" : ""Outdoor Seating"" },  { ""S"" : ""Chill"" },  { ""S"" : ""Catch Up With Friends"" }]",Ziggy Green
"[  { ""S"" : ""Vibes"" },  { ""S"" : ""Drinks"" },  { ""S"" : ""Restaurants"" },  { ""S"" : ""Outdoor Seating"" },  { ""S"" : ""After Work Drinks"" },  { ""S"" : ""Boozy Brunch"" },  { ""S"" : ""Brunch"" }]",Double Standard
"[  { ""S"" : ""Restaurants"" },  { ""S"" : ""Food With A View"" }]",Upper 5th
"[  { ""S"" : ""Vibes"" },  { ""S"" : ""Drinks"" },  { ""S"" : ""Outdoor Seating"" },  { ""S"" : ""After Work Drinks"" },  { ""S"" : ""Day Drinking"" }]",The Queen's Head
"[  { ""S"" : ""Restaurants"" },  { ""S"" : ""Date Night"" },  { ""S"" : ""Seal The Deal"" },  { ""S"" : ""Romantic"" },  { ""S"" : ""Food With A View"" },  { ""S"" : ""Girls Night"" }]",SUSHISAMBA Covent Garden
"[  { ""S"" : ""Restaurants"" },  { ""S"" : ""Drinks"" },  { ""S"" : ""Outdoor Seating"" }]",Aragon House
"[  { ""S"" : ""Restaurants"" },  { ""S"" : ""Drinks"" },  { ""S"" : ""Cocktail"" },  { ""S"" : ""Outdoor Seating"" },  { ""S"" : ""Themed"" }]",Hemingways Lounge Bar
"[  { ""S"" : ""Restaurants"" }]",Passo Shoreditch
"[  { ""S"" : ""Vibes"" },  { ""S"" : ""Drinks"" },  { ""S"" : ""Rooftop"" },  { ""S"" : ""Outdoor Seating"" },  { ""S"" : ""After Work Drinks"" }]",The Rooftop at The Standard
"[  { ""S"" : ""Vibes"" },  { ""S"" : ""Restaurants"" },  { ""S"" : ""Drinks"" },  { ""S"" : ""Outdoor Seating"" },  { ""S"" : ""Food With A View"" },  { ""S"" : ""Catch Up With Friends"" },  { ""S"" : ""Chill"" }]",The Boathouse
"[  { ""S"" : ""Restaurants"" },  { ""S"" : ""Drinks"" },  { ""S"" : ""Outdoor Seating"" },  { ""S"" : ""Craft Beer"" },  { ""S"" : ""Cocktail"" },  { ""S"" : ""After Work Drinks"" },  { ""S"" : ""Cheap Eats"" },  { ""S"" : ""Catch Up With Friends"" },  { ""S"" : ""Vegan"" }]",The Lost Hours
"[  { ""S"" : ""Ping Verified"" },  { ""S"" : ""Instagrammable"" },  { ""S"" : ""Date Night"" },  { ""S"" : ""Restaurants"" },  { ""S"" : ""Something Different"" },  { ""S"" : ""Fun Date"" },  { ""S"" : ""First Date"" }]",Inamo Covent Garden
"[  { ""S"" : ""Workouts"" }]",Test Place Burnham2
"[  { ""S"" : ""Vibes"" },  { ""S"" : ""Drinks"" },  { ""S"" : ""Rooftop"" },  { ""S"" : ""Outdoor Seating"" },  { ""S"" : ""After Work Drinks"" }]",The Rooftop at The Standard
"[  { ""S"" : ""Date Night"" },  { ""S"" : ""Drinks"" },  { ""S"" : ""Restaurants"" },  { ""S"" : ""Food With A View"" },  { ""S"" : ""Cheap Eats"" },  { ""S"" : ""Catch Up With Friends"" },  { ""S"" : ""Burger Lovers"" },  { ""S"" : ""Boys Night"" },  { ""S"" : ""Hangover Cure"" },  { ""S"" : ""First Date"" },  { ""S"" : ""Outdoor Seating"" }]",Waterfront
"[  { ""S"" : ""Drinks"" },  { ""S"" : ""Rooftop"" },  { ""S"" : ""Outside"" }]",The Rooftop St. James
"[  { ""S"" : ""Restaurants"" },  { ""S"" : ""Vibes"" },  { ""S"" : ""Drinks"" },  { ""S"" : ""Rooftop"" },  { ""S"" : ""Rooftop"" },  { ""S"" : ""Boozy Brunch"" },  { ""S"" : ""Burger Lovers"" },  { ""S"" : ""Catch Up With Friends"" }]",Pergola Olympia
"[  { ""S"" : ""Restaurants"" },  { ""S"" : ""Drinks"" },  { ""S"" : ""Cocktail"" },  { ""S"" : ""Outdoor Seating"" },  { ""S"" : ""Themed"" }]",Hemingways Lounge Bar
"[  { ""S"" : ""Date Night"" },  { ""S"" : ""Vibes"" },  { ""S"" : ""Drinks"" },  { ""S"" : ""Activities"" },  { ""S"" : ""Play Time"" },  { ""S"" : ""The Sesh"" },  { ""S"" : ""Virtual Reality"" },  { ""S"" : ""Play Time"" },  { ""S"" : ""Something Different"" },  { ""S"" : ""Beer Pong"" },  { ""S"" : ""Ping Pong"" },  { ""S"" : ""Virtual Reality"" },  { ""S"" : ""Fun Date"" }]",The Four Thieves
"[  { ""S"" : ""Restaurants"" },  { ""S"" : ""Drinks"" },  { ""S"" : ""Cocktail"" },  { ""S"" : ""Outdoor Seating"" },  { ""S"" : ""Themed"" }]",Hemingways Lounge Bar
"[  { ""S"" : ""Vibes"" },  { ""S"" : ""Drinks"" },  { ""S"" : ""Outdoor Seating"" },  { ""S"" : ""After Work Drinks"" },  { ""S"" : ""Day Drinking"" }]",The Queen's Head
"[  { ""S"" : ""Vibes"" },  { ""S"" : ""Drinks"" },  { ""S"" : ""Outdoor Seating"" },  { ""S"" : ""Sundowners"" },  { ""S"" : ""Rooftop"" },  { ""S"" : ""Chill"" },  { ""S"" : ""Catch Up With Friends"" },  { ""S"" : ""Cost Effective"" },  { ""S"" : ""Day Drinking"" }]",The Culpeper
"[  { ""S"" : ""Date Night"" },  { ""S"" : ""Restaurants"" },  { ""S"" : ""Drinks"" },  { ""S"" : ""Catch Up With Friends"" },  { ""S"" : ""Hangover Cure"" },  { ""S"" : ""Vegan"" },  { ""S"" : ""Cocktail"" },  { ""S"" : ""Wine"" },  { ""S"" : ""Suss Date"" }]",No 29 Power Station West
"[  { ""S"" : ""Drinks"" },  { ""S"" : ""Rooftop"" },  { ""S"" : ""Outside"" }]",The Rooftop St. James
"[  { ""S"" : ""Restaurants"" },  { ""S"" : ""Drinks"" },  { ""S"" : ""Cocktail"" },  { ""S"" : ""Outdoor Seating"" },  { ""S"" : ""Themed"" }]",Hemingways Lounge Bar
"[  { ""S"" : ""Restaurants"" },  { ""S"" : ""Vibes"" },  { ""S"" : ""Drinks"" },  { ""S"" : ""Cocktail"" },  { ""S"" : ""Rooftop"" },  { ""S"" : ""After Work Drinks"" },  { ""S"" : ""Food With A View"" }]",Madison 
"[  { ""S"" : ""Restaurants"" },  { ""S"" : ""Drinks"" },  { ""S"" : ""Catch Up With Friends"" }]",The Little Blue Door
"[  { ""S"" : ""Ping Verified"" },  { ""S"" : ""Vibes"" },  { ""S"" : ""Drinks"" },  { ""S"" : ""Afternoon Tea"" },  { ""S"" : ""Experiences"" },  { ""S"" : ""Themed"" }]",Mr Fogg's Tavern - Covent Garden
"[  { ""S"" : ""Restaurants"" },  { ""S"" : ""Date Night"" },  { ""S"" : ""Romantic"" },  { ""S"" : ""First Date"" },  { ""S"" : ""Suss Date"" },  { ""S"" : ""Seal The Deal"" }]",Aqua Nueva
"[  { ""S"" : ""Ping Verified"" },  { ""S"" : ""Music"" },  { ""S"" : ""Drinks"" },  { ""S"" : ""Date Night"" },  { ""S"" : ""Arts"" },  { ""S"" : ""Cocktail"" },  { ""S"" : ""Themed"" },  { ""S"" : ""First Date"" }]",Archer Street SW11
"[  { ""S"" : ""Date Night"" },  { ""S"" : ""Restaurants"" },  { ""S"" : ""Drinks"" },  { ""S"" : ""Boys Night"" },  { ""S"" : ""Catch Up With Friends"" },  { ""S"" : ""Food With A View"" },  { ""S"" : ""Romantic"" },  { ""S"" : ""First Date"" },  { ""S"" : ""Seal The Deal"" }]",Skylark Roof Garden
"[  { ""S"" : ""Vibes"" },  { ""S"" : ""Drinks"" },  { ""S"" : ""Clubs"" },  { ""S"" : ""Boys Night"" },  { ""S"" : ""The Sesh"" }]",The Lighthouse Bar and Club
"[  { ""S"" : ""Vibes"" },  { ""S"" : ""Drinks"" },  { ""S"" : ""Rooftop"" },  { ""S"" : ""Outdoor Seating"" },  { ""S"" : ""After Work Drinks"" }]",The Rooftop at The Standard
"[  { ""S"" : ""Vibes"" },  { ""S"" : ""Drinks"" },  { ""S"" : ""Restaurants"" },  { ""S"" : ""Outdoor Seating"" },  { ""S"" : ""After Work Drinks"" },  { ""S"" : ""Boozy Brunch"" },  { ""S"" : ""Brunch"" }]",Double Standard
"[  { ""S"" : ""Workouts"" }]",Test Place Burnham2
"[  { ""S"" : ""Vibes"" },  { ""S"" : ""Drinks"" },  { ""S"" : ""After Work Drinks"" },  { ""S"" : ""Outdoor Seating"" },  { ""S"" : ""Catch Up With Friends"" },  { ""S"" : ""Brunch"" }]",The Princess Of Wales
"[  { ""S"" : ""Date Night"" },  { ""S"" : ""Restaurants"" },  { ""S"" : ""Drinks"" },  { ""S"" : ""Catch Up With Friends"" },  { ""S"" : ""Hangover Cure"" },  { ""S"" : ""Vegan"" },  { ""S"" : ""Cocktail"" },  { ""S"" : ""Wine"" },  { ""S"" : ""Suss Date"" }]",No 29 Power Station West
"[  { ""S"" : ""Restaurants"" },  { ""S"" : ""Drinks"" },  { ""S"" : ""Cocktail"" },  { ""S"" : ""Outdoor Seating"" },  { ""S"" : ""Themed"" }]",Hemingways Lounge Bar
"[  { ""S"" : ""Drinks"" },  { ""S"" : ""Restaurants"" },  { ""S"" : ""Vibes"" },  { ""S"" : ""Rooftop"" },  { ""S"" : ""Day Drinking"" },  { ""S"" : ""Brunch"" },  { ""S"" : ""Wine"" },  { ""S"" : ""Outdoor Seating"" }]",The Fellow 
"[  { ""S"" : ""Date Night"" },  { ""S"" : ""Drinks"" },  { ""S"" : ""Restaurants"" },  { ""S"" : ""First Date"" },  { ""S"" : ""After Work Drinks"" },  { ""S"" : ""Cocktail"" },  { ""S"" : ""Outdoor Seating"" },  { ""S"" : ""Something Different"" },  { ""S"" : ""Themed"" }]",The Alchemist Canary Wharf
"[  { ""S"" : ""Workouts"" }]",Test Place Burnham2
"[  { ""S"" : ""Restaurants"" },  { ""S"" : ""Date Night"" },  { ""S"" : ""Romantic"" },  { ""S"" : ""Seal The Deal"" },  { ""S"" : ""Afternoon Tea"" },  { ""S"" : ""Brunch"" }]",Chiltern Firehouse
"[  { ""S"" : ""Drinks"" },  { ""S"" : ""Live Music"" },  { ""S"" : ""Something Different"" },  { ""S"" : ""Themed"" }]",The Battersea Barge
"[  { ""S"" : ""Restaurants"" },  { ""S"" : ""Vibes"" },  { ""S"" : ""Drinks"" },  { ""S"" : ""Rooftop"" },  { ""S"" : ""Rooftop"" },  { ""S"" : ""Brunch"" },  { ""S"" : ""Catch Up With Friends"" }]",Near & Far Camden
"[  { ""S"" : ""Date Night"" },  { ""S"" : ""Restaurants"" },  { ""S"" : ""Drinks"" },  { ""S"" : ""Seal The Deal"" },  { ""S"" : ""Romantic"" },  { ""S"" : ""First Date"" }]",La Goccia - Covent Garden
"[  { ""S"" : ""Restaurants"" },  { ""S"" : ""Drinks"" },  { ""S"" : ""After Work Drinks"" },  { ""S"" : ""Cheap Eats"" }]",The Tommy Tucker
"[  { ""S"" : ""Restaurants"" },  { ""S"" : ""Drinks"" },  { ""S"" : ""Cocktail"" },  { ""S"" : ""Outdoor Seating"" },  { ""S"" : ""Themed"" }]",Hemingways Lounge Bar
"[  { ""S"" : ""Vibes"" },  { ""S"" : ""Ping Verified"" },  { ""S"" : ""Drinks"" },  { ""S"" : ""Date Night"" },  { ""S"" : ""Experiences"" },  { ""S"" : ""Girls Night"" },  { ""S"" : ""Cocktail"" },  { ""S"" : ""Fun Date"" }]",Archer Street Soho
"[  { ""S"" : ""Vibes"" },  { ""S"" : ""Drinks"" },  { ""S"" : ""After Work Drinks"" },  { ""S"" : ""Client Meeting"" },  { ""S"" : ""Day Drinking"" },  { ""S"" : ""Cost Effective"" },  { ""S"" : ""Chill"" },  { ""S"" : ""Catch Up With Friends"" }]",Anchor Bankside
"[  { ""S"" : ""Restaurants"" },  { ""S"" : ""Food With A View"" }]",Seabird
"[  { ""S"" : ""Drinks"" },  { ""S"" : ""Live Music"" },  { ""S"" : ""Something Different"" },  { ""S"" : ""Themed"" }]",The Battersea Barge
"[  { ""S"" : ""Vibes"" },  { ""S"" : ""Drinks"" },  { ""S"" : ""Restaurants"" },  { ""S"" : ""Outdoor Seating"" },  { ""S"" : ""After Work Drinks"" },  { ""S"" : ""Boozy Brunch"" },  { ""S"" : ""Brunch"" }]",Double Standard
"[  { ""S"" : ""Drinks"" },  { ""S"" : ""Restaurants"" },  { ""S"" : ""Vibes"" },  { ""S"" : ""Day Drinking"" },  { ""S"" : ""Boozy Brunch"" },  { ""S"" : ""Outdoor Seating"" },  { ""S"" : ""Wine"" }]",The Pineapple 
"[  { ""S"" : ""Vibes"" },  { ""S"" : ""Drinks"" },  { ""S"" : ""Cocktail"" },  { ""S"" : ""Themed"" },  { ""S"" : ""Instagrammable"" }]",Sugar Cane Bar
"[  { ""S"" : ""Restaurants"" },  { ""S"" : ""Drinks"" },  { ""S"" : ""Cocktail"" },  { ""S"" : ""Outdoor Seating"" },  { ""S"" : ""Themed"" }]",Hemingways Lounge Bar
"[  { ""S"" : ""Vibes"" },  { ""S"" : ""Drinks"" },  { ""S"" : ""Activities"" },  { ""S"" : ""Outdoor"" },  { ""S"" : ""Experiences"" },  { ""S"" : ""Something Different"" },  { ""S"" : ""Rooftop"" },  { ""S"" : ""Day Drinking"" }]",The London Bar Bus
"[  { ""S"" : ""Drinks"" },  { ""S"" : ""Live Music"" },  { ""S"" : ""Themed"" },  { ""S"" : ""Play Time"" }]",Barrio Soho
"[  { ""S"" : ""Ping Verified"" },  { ""S"" : ""Music"" },  { ""S"" : ""Drinks"" },  { ""S"" : ""Date Night"" },  { ""S"" : ""Arts"" },  { ""S"" : ""Cocktail"" },  { ""S"" : ""Themed"" },  { ""S"" : ""First Date"" }]",Archer Street SW11
"[  { ""S"" : ""Restaurants"" },  { ""S"" : ""Drinks"" },  { ""S"" : ""After Work Drinks"" },  { ""S"" : ""Rooftop"" },  { ""S"" : ""Brunch"" },  { ""S"" : ""Food With A View"" }]",Bar Elba
"[  { ""S"" : ""Vibes"" },  { ""S"" : ""Drinks"" },  { ""S"" : ""Rooftop"" },  { ""S"" : ""Outdoor Seating"" },  { ""S"" : ""After Work Drinks"" }]",The Rooftop at The Standard
"[  { ""S"" : ""Vibes"" },  { ""S"" : ""Drinks"" },  { ""S"" : ""Themed"" },  { ""S"" : ""LGBTQ+"" },  { ""S"" : ""Instagrammable"" },  { ""S"" : ""Girls Night"" },  { ""S"" : ""Brunch"" }]",Near & Far Peckham Levels
"[  { ""S"" : ""Vibes"" },  { ""S"" : ""Drinks"" },  { ""S"" : ""Rooftop"" },  { ""S"" : ""Outdoor Seating"" },  { ""S"" : ""After Work Drinks"" }]",The Rooftop at The Standard
"[  { ""S"" : ""Date Night"" },  { ""S"" : ""Restaurants"" },  { ""S"" : ""Drinks"" },  { ""S"" : ""Catch Up With Friends"" },  { ""S"" : ""Hangover Cure"" },  { ""S"" : ""Vegan"" },  { ""S"" : ""Cocktail"" },  { ""S"" : ""Wine"" },  { ""S"" : ""Suss Date"" }]",No 29 Power Station West
"[  { ""S"" : ""Restaurants"" },  { ""S"" : ""Drinks"" },  { ""S"" : ""Cocktail"" },  { ""S"" : ""Outdoor Seating"" },  { ""S"" : ""Themed"" }]",Hemingways Lounge Bar
"[  { ""S"" : ""Date Night"" },  { ""S"" : ""Vibes"" },  { ""S"" : ""Drinks"" },  { ""S"" : ""Wine"" },  { ""S"" : ""Something Different"" },  { ""S"" : ""Rooftop"" },  { ""S"" : ""Chill"" },  { ""S"" : ""Romantic"" },  { ""S"" : ""Seal The Deal"" }]",Forza Wine
"[  { ""S"" : ""Restaurants"" },  { ""S"" : ""Vibes"" },  { ""S"" : ""Drinks"" },  { ""S"" : ""Rooftop"" },  { ""S"" : ""Rooftop"" },  { ""S"" : ""Boozy Brunch"" },  { ""S"" : ""Burger Lovers"" },  { ""S"" : ""Catch Up With Friends"" }]",Pergola Olympia
"[  { ""S"" : ""Restaurants"" },  { ""S"" : ""Date Night"" },  { ""S"" : ""Romantic"" },  { ""S"" : ""Brunch"" },  { ""S"" : ""Girls Night"" }]",Bagatelle London
"[  { ""S"" : ""Vibes"" },  { ""S"" : ""Drinks"" },  { ""S"" : ""Activities"" },  { ""S"" : ""Outdoor"" },  { ""S"" : ""Experiences"" },  { ""S"" : ""Something Different"" },  { ""S"" : ""Rooftop"" },  { ""S"" : ""Day Drinking"" }]",The London Bar Bus
"[  { ""S"" : ""Vibes"" },  { ""S"" : ""Restaurants"" },  { ""S"" : ""Drinks"" },  { ""S"" : ""Play Time"" },  { ""S"" : ""LGBTQ+"" },  { ""S"" : ""Catch Up With Friends"" },  { ""S"" : ""Something Different"" },  { ""S"" : ""Girls Night"" },  { ""S"" : ""Boys Night"" },  { ""S"" : ""Karaoke"" },  { ""S"" : ""Cocktail"" }]",Bunga Bunga Battersea
"[  { ""S"" : ""Restaurants"" },  { ""S"" : ""Date Night"" },  { ""S"" : ""Seal The Deal"" },  { ""S"" : ""Romantic"" },  { ""S"" : ""Food With A View"" },  { ""S"" : ""Girls Night"" }]",SUSHISAMBA Covent Garden
"[  { ""S"" : ""Drinks"" },  { ""S"" : ""Live Music"" },  { ""S"" : ""Something Different"" },  { ""S"" : ""Themed"" }]",The Battersea Barge
"[  { ""S"" : ""Drinks"" },  { ""S"" : ""Vibes"" },  { ""S"" : ""Naughty Nights"" },  { ""S"" : ""Bachelorette Party"" },  { ""S"" : ""Cabaret"" },  { ""S"" : ""LGBTQ+"" }]",The Midnight Lounge Soho
"[  { ""S"" : ""Vibes"" },  { ""S"" : ""Restaurants"" },  { ""S"" : ""Drinks"" },  { ""S"" : ""Outdoor Seating"" },  { ""S"" : ""Food With A View"" },  { ""S"" : ""Catch Up With Friends"" },  { ""S"" : ""Chill"" }]",The Boathouse
"[  { ""S"" : ""Restaurants"" },  { ""S"" : ""Vibes"" },  { ""S"" : ""Sundowners"" },  { ""S"" : ""Drinks"" },  { ""S"" : ""Outdoor Seating"" },  { ""S"" : ""After Work Drinks"" },  { ""S"" : ""Chill"" },  { ""S"" : ""Food With A View"" }]",Coq d'Argent
"[  { ""S"" : ""Workouts"" }]",Test Place Burnham2
"[  { ""S"" : ""Restaurants"" },  { ""S"" : ""Vibes"" },  { ""S"" : ""Sundowners"" },  { ""S"" : ""Drinks"" },  { ""S"" : ""Outdoor Seating"" },  { ""S"" : ""After Work Drinks"" },  { ""S"" : ""Chill"" },  { ""S"" : ""Food With A View"" }]",Coq d'Argent
"[  { ""S"" : ""Ping Verified"" },  { ""S"" : ""Music"" },  { ""S"" : ""Drinks"" },  { ""S"" : ""Date Night"" },  { ""S"" : ""Arts"" },  { ""S"" : ""Cocktail"" },  { ""S"" : ""Themed"" },  { ""S"" : ""First Date"" }]",Archer Street SW11
"[  { ""S"" : ""Drinks"" },  { ""S"" : ""After Work Drinks"" },  { ""S"" : ""Client Meeting"" },  { ""S"" : ""Something Different"" },  { ""S"" : ""Wine"" }]",Vagabond Wines
"[  { ""S"" : ""Date Night"" },  { ""S"" : ""Restaurants"" },  { ""S"" : ""Something Different"" },  { ""S"" : ""Places to Propose"" },  { ""S"" : ""Seal The Deal"" }]",Kitchen at Holmes
"[  { ""S"" : ""Drinks"" },  { ""S"" : ""Restaurants"" },  { ""S"" : ""Burger Lovers"" },  { ""S"" : ""Cheap Eats"" },  { ""S"" : ""Hangover Cure"" },  { ""S"" : ""Outdoor Seating"" }]",The Cyclist
"[  { ""S"" : ""Vibes"" },  { ""S"" : ""Drinks"" },  { ""S"" : ""Restaurants"" },  { ""S"" : ""Outdoor Seating"" },  { ""S"" : ""After Work Drinks"" },  { ""S"" : ""Boozy Brunch"" },  { ""S"" : ""Brunch"" }]",Double Standard
"[  { ""S"" : ""Vibes"" },  { ""S"" : ""Drinks"" },  { ""S"" : ""Outdoor Seating"" },  { ""S"" : ""After Work Drinks"" },  { ""S"" : ""Day Drinking"" }]",The Queen's Head
"[  { ""S"" : ""Drinks"" },  { ""S"" : ""Outdoor Seating"" },  { ""S"" : ""Rooftop"" },  { ""S"" : ""Cocktail"" },  { ""S"" : ""After Work Drinks"" },  { ""S"" : ""Client Meeting"" }]",Ham Yard Roof Terrace
"[  { ""S"" : ""Date Night"" },  { ""S"" : ""Drinks"" },  { ""S"" : ""Cocktail"" },  { ""S"" : ""After Work Drinks"" },  { ""S"" : ""Client Meeting"" },  { ""S"" : ""LGBTQ+"" },  { ""S"" : ""First Date"" }]",Dirty Martini Covent Garden
"[  { ""S"" : ""Activities"" },  { ""S"" : ""Drinks"" },  { ""S"" : ""Play Time"" },  { ""S"" : ""Outdoor Seating"" }]",Sixes Cricket Club 
"[  { ""S"" : ""Vibes"" },  { ""S"" : ""Restaurants"" },  { ""S"" : ""Girls Night"" },  { ""S"" : ""Instagrammable"" },  { ""S"" : ""Boys Night"" },  { ""S"" : ""Something Different"" }]",Circolo Popolare
"[  { ""S"" : ""Drinks"" },  { ""S"" : ""Outdoor Seating"" },  { ""S"" : ""Rooftop"" },  { ""S"" : ""Cocktail"" },  { ""S"" : ""After Work Drinks"" },  { ""S"" : ""Client Meeting"" }]",Ham Yard Roof Terrace
"[  { ""S"" : ""Date Night"" },  { ""S"" : ""Restaurants"" },  { ""S"" : ""Drinks"" },  { ""S"" : ""Catch Up With Friends"" },  { ""S"" : ""Hangover Cure"" },  { ""S"" : ""Vegan"" },  { ""S"" : ""Cocktail"" },  { ""S"" : ""Wine"" },  { ""S"" : ""Suss Date"" }]",No 29 Power Station West
"[  { ""S"" : ""Vibes"" },  { ""S"" : ""Drinks"" },  { ""S"" : ""Outdoor Seating"" },  { ""S"" : ""After Work Drinks"" },  { ""S"" : ""Catch Up With Friends"" },  { ""S"" : ""Chill"" },  { ""S"" : ""Cost Effective"" }]","The Castle, Tooting"
"[  { ""S"" : ""Vibes"" },  { ""S"" : ""Restaurants"" },  { ""S"" : ""Girls Night"" },  { ""S"" : ""Instagrammable"" },  { ""S"" : ""Boys Night"" },  { ""S"" : ""Something Different"" }]",Circolo Popolare
"[  { ""S"" : ""Vibes"" },  { ""S"" : ""Date Night"" },  { ""S"" : ""Restaurants"" },  { ""S"" : ""Drinks"" },  { ""S"" : ""Themed"" },  { ""S"" : ""LGBTQ+"" },  { ""S"" : ""First Date"" },  { ""S"" : ""Brunch"" }]",Kona Kai
"[  { ""S"" : ""Restaurants"" },  { ""S"" : ""Food With A View"" }]",Seabird
"[  { ""S"" : ""Vibes"" },  { ""S"" : ""Drinks"" },  { ""S"" : ""Date Night"" },  { ""S"" : ""After Work Drinks"" },  { ""S"" : ""Client Meeting"" },  { ""S"" : ""Cocktail"" },  { ""S"" : ""Places to Propose"" },  { ""S"" : ""Afternoon Tea"" }]",10 Degrees Bar
"[  { ""S"" : ""Drinks"" },  { ""S"" : ""Restaurants"" },  { ""S"" : ""Girls Night"" },  { ""S"" : ""Wine"" }]",The Princess of Shoreditch
"[  { ""S"" : ""Date Night"" },  { ""S"" : ""Vibes"" },  { ""S"" : ""Sundowners"" },  { ""S"" : ""Drinks"" },  { ""S"" : ""After Work Drinks"" },  { ""S"" : ""Catch Up With Friends"" },  { ""S"" : ""Day Drinking"" },  { ""S"" : ""Sundowners"" },  { ""S"" : ""After Work Drinks"" },  { ""S"" : ""Client Meeting"" },  { ""S"" : ""Cocktail"" },  { ""S"" : ""LGBTQ+"" },  { ""S"" : ""Outdoor Seating"" },  { ""S"" : ""Suss Date"" }]",The Trafalgar Arms
"[  { ""S"" : ""Ping Verified"" },  { ""S"" : ""Vibes"" },  { ""S"" : ""Drinks"" },  { ""S"" : ""Instagrammable"" },  { ""S"" : ""Something Different"" },  { ""S"" : ""Themed"" }]",Mrs Fogg’s Dockside Drinkery & Distillery
"[  { ""S"" : ""Date Night"" },  { ""S"" : ""Restaurants"" },  { ""S"" : ""Places to Propose"" },  { ""S"" : ""Romantic"" },  { ""S"" : ""Seal The Deal"" },  { ""S"" : ""Food With A View"" },  { ""S"" : ""Girls Night"" }]",14 Hills
"[  { ""S"" : ""Vibes"" },  { ""S"" : ""Drinks"" },  { ""S"" : ""Date Night"" },  { ""S"" : ""Romantic"" },  { ""S"" : ""Seal The Deal"" },  { ""S"" : ""Cocktail"" },  { ""S"" : ""After Work Drinks"" },  { ""S"" : ""Outdoor Seating"" },  { ""S"" : ""Chill"" },  { ""S"" : ""Afternoon Tea"" },  { ""S"" : ""Girls Night"" }]",Hush Mayfair
"[  { ""S"" : ""Ping Verified"" },  { ""S"" : ""Vibes"" },  { ""S"" : ""Drinks"" },  { ""S"" : ""Afternoon Tea"" },  { ""S"" : ""Experiences"" },  { ""S"" : ""Themed"" }]",Mr Fogg's Tavern - Covent Garden
"[  { ""S"" : ""Vibes"" },  { ""S"" : ""Drinks"" },  { ""S"" : ""Date Night"" },  { ""S"" : ""Restaurants"" },  { ""S"" : ""First Date"" },  { ""S"" : ""Suss Date"" },  { ""S"" : ""Outdoor Seating"" },  { ""S"" : ""Chill"" },  { ""S"" : ""Catch Up With Friends"" }]",Ziggy Green
"[  { ""S"" : ""Vibes"" },  { ""S"" : ""Drinks"" },  { ""S"" : ""Restaurants"" },  { ""S"" : ""Outdoor Seating"" },  { ""S"" : ""After Work Drinks"" },  { ""S"" : ""Boozy Brunch"" },  { ""S"" : ""Brunch"" }]",Double Standard
"[  { ""S"" : ""Restaurants"" },  { ""S"" : ""Vibes"" },  { ""S"" : ""Drinks"" },  { ""S"" : ""Rooftop"" },  { ""S"" : ""Rooftop"" },  { ""S"" : ""Boozy Brunch"" },  { ""S"" : ""Burger Lovers"" },  { ""S"" : ""Catch Up With Friends"" }]",Pergola Olympia
"[  { ""S"" : ""Restaurants"" },  { ""S"" : ""Catch Up With Friends"" },  { ""S"" : ""Girls Night"" },  { ""S"" : ""Hangover Cure"" }]",The Ivy Chelsea Garden
[{'S': 'Vibes'}],LHR
[{'S': 'Vibes'}],LHR
[{'S': 'Disco'}],My Hills
[{'S': 'Disco'}],My Hills
[{'S': 'Disco'}],My Hills
[{'S': 'Disco'}],My Hills
[{'S': 'Disco'}],My Hills
[{'S': 'Disco'}],My Hills
[{'S': 'Disco'}],My Hills
"[{'S': 'Instagrammable'}, {'S': 'Restaurants'}, {'S': 'Vegan'}]",My Hills
[{'S': 'Disco123'}],My Hills
[{'S': 'Disco'}],My Hills
[{'S': 'Discoooo'}],My Hills
[{'S': 'Vibes1'}],LHR
"[{'S': 'Disco'}, {'S': 'Rights'}]",LHR
"[{'S': 'Disco1'}, {'S': 'Rights'}]",LHR
[{'S': 'Working'}],Paris
